,guid,english,greek,n_s,n_p,a_s,a_p,g_s,g_p,gender,tag,sub tag 1,sub tag 2
0,w]qJY!`5)6,adult (f),ενήλικη,η,ες,η,ες,ης,ών,feminine,person,,
1,C&8M86~.&c,adult (m),ενήλικος,ος,οι,ο,ους,ου,ων,masculine,person,,
2,PJY2pf9k3y,afternoon,απόγευμα,α,ατα,α,ατα,ατος,άτων,neuter,time,day,
3,Eg]}g(hx:7,age,ηλικία,α,ες,α,ες,ας,ών,feminine,,,
4,n7P6t6Rm3T,airplane,αεροπλάνο,ο,α,ο,α,ου,ων,neuter,transport,,
5,hoIF0nrwZM,airport,αεροδρόμιο,ο,α,ο,α,ου,ων,neuter,transport,,
6,hL)cxICf?2,alarm clock,ξυπνητήρι,ι,ια,ι,ια,ιού,ιών,neuter,home,area,bedroom
7,Q;{?xp}{RZ,ankle,αστράγαλος,ος,οι,ο,ους,ου,ων,masculine,body,,
8,KgYjwbo2vK,apple,μήλο,ο,α,ο,α,ου,ων,neuter,food,fruit,
9,h##6:U;ijo,April,Απρίλιος,ος,οι,ο,ους,ου,ων,masculine,time,months,
10,7ZNEuFeJhP,attic,σοφίτα,α,ες,α,ες,ας,ών,feminine,home,area,
11,jN?cq#t?)=,August,Αύγουστος,ος,οι,ο,ους,ου,ων,masculine,time,months,
12,fFK9wwqv~j,aunt,θεία,α,ες,α,ες,ας,ών,feminine,person,,
13,9411G0wLqE,avocado ,αβοκάντο,ο,α,ο,α,ου,ων,neuter,food,fruit,
14,A6uu0:tGUE,baby,μωρό,ό,ά,ό,ά,ού,ών,neuter,person,,
15,p>kN9!S>&y,back (of body),πλάτη,η,ες,η,ες,ης,ών,feminine,body,,
16,k4uRhF{PJE,backpack,σακίδιο,ο,α,ο,α,ου,ων,neuter,school,,
17,rg8bjhXKY~,bag,τσάντα,α,ες,α,ες,ας,ών,feminine,school,,
18,HiOSt2G6rk,banana ,μπανάνα,α,ες,α,ες,ας,ών,feminine,food,fruit,
19,2MyL17fcBL,bank,τράπεζα,α,ες,αν,ες,ας,ών,feminine,city,buildings,
20,qy3mobyPmX,"basement, cellar ",υπόγειο,ο,α,ο,α,ου,ων,neuter,home,area,
21,TSTc4QL80b,bathroom ,τουαλέτα,α,ες,α,ες,ας,ών,feminine,home,area,
22,lf0z3FKV4t,"beach, coast, shore",παραλία,α,ες,α,ες,ας,ών,feminine,nature ,,
23,RNQu1KMdEO,bean,φασόλι,ι,ια,ι,ια,ιού,ιών,neuter,food,,
24,XRpszBkuV4,bear,αρκούδα,α,ες,α,ες,ας,ων,feminine,animal,,
25,"h,H37fQ/Wp",bed,κρεβάτι,ι,ια,ι,ια,ιού,ιών,neuter,home,area,bedroom
26,bRc3AtLz1K,bedroom,υπνοδωμάτιο,ο,α,ο,α,ου,ων,neuter,home,area,
27,dkgF5H1ejb,bee,μέλισσα,α,ες,α,ες,ας,ών,feminine,animal,insect,
28,xpL!^dU5WW,bell,καμπάνα,α,ες,α,ες,ας,ών,feminine,,,
29,iOfRyPa_B?,belt,ζώνη,η,ες,η,ες,ης,ών,feminine,clothing,,
30,ipX;ZL|NKs,best man,κουμπάρος,ος,οι,ο,ους,ου,ων,masculine,person,,
31,EmdG*wfWi~,best woman,κουμπάρα,α,ες,α,ες,ας,ών,feminine,person,,
32,7dN5qvff8F,bike,ποδήλατο,ο,α,ο,α,ου,ων,neuter,transport,,
33,IR*l2k2)$j,bird,πουλί,ί,ιά,ί,ιά,ιού,ιών,neuter,animal,,
34,WRBlrCNcCB,blackberry,μπατόμουρο,ο,α,ο,α,ου,ων,neuter,food,fruit,
35,lT9~gdUJ>F,blanket,κουβέρτα,α,ες,α,ες,ας,ών,feminine,home,area,bedroom
36,H_FwPM<|Ha,blouse,μπλούζα,α,ες,α,ες,ας,ών,feminine,clothing,,
37,My>D-PbltI,board,πίνακας,ας,ες,α,ες,α,ων,masculine,school,,
38,oDknamN7Tx,body,σώμα,α,ατα,α,ατα,ατος,άτων,neuter,body,,
39,A7AOdpF5hL,bone,κόκκαλο,ο,α,ο,α,ου,ων,neuter,body,,
40,w#}~Uyy1c4,book,βιβλίο,ο,α,ο,α,ου,ων,neuter,school,,
41,g^mW#sr.x&,boot,μπότα,α,ες,α,ες,ας,ών,feminine,clothing,,
42,shRce4$#Z/,bowl,μπολ,-,-,-,-,-,-,neuter,home,area,kitchen
43,xeE;_B-1IO,box,κουτί,ί,ιά,ί,ιά,ιού,ιών,neuter,home,area,bedroom
44,tE+DIcx6Vf,boy,αγόρι,ι,ια,ι,ια,ιού,ιών,neuter,person,,
45,wXfsgQSs-%,bread,ψωμί,ί,ιά,ί,ιά,ιού,ιών,neuter,food,,
46,vTdPoSYIqT,breakfast,πρωινό,ό,ά,ό,ά,ού,ών,neuter,food,,
47,MMTZCkpJZD,brick,τούβλο,ο,α,ο,α,ου,ων,neuter,,,
48,VHyJCifCYE,bridge,γέφυρα,α,ες,α,ες,ας,ών,feminine,city,,
49,DuxaYMppJK,broccoli ,μπρόκολο,ο,α,ο,α,ου,ων,neuter,food,vegetables,
50,wFhTeUgqYp,broom,σκούπα,α,ες,α,ες,ας,ών,feminine,home,,
51,i+efxy`5vd,brother,αδελφός,ός,οί,όν,ούς,ού,ών,masculine,person,,
52,XfMoPWOKf3,bruch,βούρτσα,α,ες,α,ες,ας,ών,feminine,home,,
53,SbnRoe7QlA,bucket,κουβάς,άς,άδες,ά,άδες,ά,άδων,masculine,home,,
54,RtVXdujQVH,bus,λεωφορείο,ο,α,ο,α,ου,ων,neuter,transport,,
55,arLz12fryb,bus station,σταθμός λεωφορείων,ν,νες,να,νες,νος,νων,masculine,transport,,
56,TqSrIKJnn9,"bush, shrub",θάμνος,ος,οι,ο,ους,ου,ων,masculine,nature,,
57,w6MUgdYWza,butter,βούτυρο,ο,α,ο,α,ου,ων,neuter,food,,
58,qGKaZZINDs,butterfly,πεταλούδα,α,ες,α,ες,ας,ων,feminine,animal,insect,
59,x0Fm0gA3Gl,cabbage,λάχανο,ο,α,ο,α,ου,ων,neuter,food,vegetable,
60,BetVB1LWfy,"canal, channel",κανάλι,ι,ια,ι,ια,ιού,ιών,neuter,city,,
61,z!xlld$lxH,cap/beanie,σκουφί,ί,ιά,ί,ιά,ιού,ιών,neuter,clothing,,
62,bJzEQs3L0e,car,αυτοκίνητο,ο,α,ο,α,ου,ων,neuter,transport,,
63,yRitOc8iec,carrot,καρότο,ο,α,ο,α,ου,ων,neuter,food,vegetables,
64,c0D/(HLlm#,cat,γάτα,α,ες,α,ες,ας,ών,feminine,animal,,
65,gHSUxlvni8,ceiling ,ταβάνι,ι,ια,ι,ια,ιού,ιών,neuter,home,,
66,UtmOz4ukUM,"center, centre",κέντρο,ο,α,ο,α,ου,ων,neuter,city,,
67,r%Fv:X$5N+,chain,αλυσίδα,α,ες,α,ες,ας,ων,feminine,,,
68,LAZ{H5FZUL,chair,καρέκλα,α,ες,α,ες,ας,ών,feminine,school,,
69,"El?Jd_,d8N",cheek,μάγουλο,ο,α,ο,α,ου,ων,neuter,body,,
70,h@=wr@i=R#,cheese,τυρί,ί,ιά,ί,ιά,ιού,ιών,neuter,food,,
71,SDytdzqld6,cherry,κεράσι,ι,ια,ι,ια,ιού,ιών,neuter,food,fruit,
72,u8IL2fYVid,chicken,κότα,α,ες,α,ες,ας,ών,feminine,animal,,
73,ui3~+/WCx9,child,παιδί,ί,ιά,ί,ιά,ιού,ιών,neuter,person,,
74,zby*ceVAP`,chin,σαγόνι,ι,ια,ι,ια,ιού,ιών,neuter,body,,
75,VxttmnrwoG,city,πόλη,ις,εις,ιν,εις,εως,εων,feminine,city,,
76,GnY7qr8j$(,class,τάξη,ις,εις,η,εις,εως,εων,feminine,school,,
77,csvk/6ys55,classroom,αίθουσα,α,ες,α,ες,ας,ών,feminine,school,,
78,k!UZ71d9GX,closet,ντουλάπα,α,ες,α,ες,ας,ών,feminine,home,area,bedroom
79,ZBDMPGWwYW,cloud,σύννεφο,ο,α,ο,α,ου,ων,neuter,nature ,,
80,bTfqUok[[Y,coat,παλτό,ό,ά,ό,ά,ού,ών,neuter,clothing,,
81,bHk/RUPmqw,computer,υπολογιστής,ής,ές,ή,ές,ή,ών,masculine,home,area,livingroom
82,D(Q{`*N5Tw,couch,καναπές,ές,έδες,έ,έδες,έ,έδων,masculine,home,area,livingroom
83,h@r()F4v+D,cousin (f),ξαδέλφη,η,ες,η,ες,ης,ών,feminine,person,,
84,fg@:sZ|;Ir,cousin (m),ξάδελφος,ος,οι,ο,ους,ου,ων,masculine,person,,
85,X0VHNAb1ka,cow,αγελάδα,α,ες,α,ες,ας,ων,feminine,animal,,
86,JUynxyC7Fq,cucumber ,αγγούρι,ι,ια,ι,ια,ιού,ιών,neuter,food,vegetables,
87,nPryn5}1Z5,cup (larger),κούπα,α,ες,α,ες,ας,-,feminine,home,area,kitchen
88,d%[pz2@~$o,cup (smaller for tea or coffee),φλιτζάνι,ι,ια,ι,ια,ιού,ιών,neuter,home,area,kitchen
89,"N3H1eLo#,9",curtain,κουρτίνα,α,ες,α,ες,ας,ών,feminine,home,area,bedroom
90,"CR0[,7cDgf",dad,μπαμπάς,άς,άδες,ά,άδες,ά,άδων,masculine,person,,
91,fJzc&ws+77,daughter,κόρη,η,ες,ην,ες,ης,ών,feminine,person,,
92,zHe~yhuf6],December,Δεκέμβριος,ος,οι,ο,ους,ου,ων,masculine,time,months,
93,Lolpppd@_g,desk,θρανίο,ο,α,ο,α,ου,ων,neuter,school,,
94,Fwtd2oMLAE,dining room ,τραπεζαρία,α,ες,α,ες,ας,ών,feminine,home,area,
95,4uLyRehr87,dinner,δείπνο,ο,α,ο,α,ου,ων,neuter,food,,
96,t+d0cl!/(i,dog,σκύλος,ος,οι,ον,ους,ου,ων,masculine,animal,,
97,FX7UYPdUax,donkey,γάιδαρος,ος,οι,ο,ους,ου,ων,masculine,animal,,
98,d]/[DrL;5M,door,πόρτα,α,ες,α,ες,ας,ών,feminine,school,,
99,Qt5RzGlSTO,drain,σιφώνι,ι,ια,ι,ια,ιού,ιών,neuter,home,bathroom,
100,w$^((LwMz!,drawer,συρτάρι,ι,ια,ι,ια,ιού,ιών,neuter,home,area,bedroom
101,gv}sH-Vi3k,dress,φόρεμα,α,ατα,α,ατα,ατος,άτων,neuter,clothing,,
102,fj:MJ#z([+,ear,αυτί,ί,ιά,ί,ιά,ιού,ιών,neuter,body,,
103,^_GDDfT2u,elbow,αγκώνας,ας,ες,α,ες,α,άδων,masculine,body,,
104,J.4})`X0JR,eraser,σβήστρα,α,ες,α,ες,ας,ών,feminine,school,,
105,UNIstSDvQH,evening,βράδυ,υ,ια,υ,ια,ιού,ιών,neuter,time,day,
106,L`NOO[gy0j,eye,μάτι,ι,ια,ι,ια,ιού,ιών,neuter,body,,
107,bFyd+?NS^U,eyebrow,φρύδι,ι,ια,ι,ια,ιού,ιών,neuter,body,,
108,oBd>/X0rp`,eyelash,βλεφαρίδα,α,ες,α,ες,ας,ων,feminine,body,,
109,q$8}kIJxS*,eyelid,βλέφαρο,ο,α,ο,α,ου,ων,neuter,body,,
110,O)](5[!}{&,face,πρόσωπο,ο,α,ο,α,ου,ων,neuter,body,,
111,FzVcq=1~;o,family,οικογένεια,α,ες,α,ες,ας,ών,feminine,person,,
112,"G1#|,5F@tl",father,πατέρας,ρας,ράδες,ρα,ράδες,ρα,ρων,masculine,person,,
113,"qqYv=!Jk-,",father-in-law,πεθερός,ός,οί,ό,ούς,ού,ών,masculine,person,,
114,SfsGPW293V,faucet,βρύση,η,εις,η,εις,ης,εων,feminine,home,area,bathroom
115,Q[`e-K2s|.,February,Φεβρουάριος,ος,οι,ο,ους,ου,ων,masculine,time,months,
116,f1XLxbhxng,ferry,πορθμείο,ο,α,ο,α,ου,ων,neuter,transport,,
117,jNCvKPg!X8,finger/toe,δάχτυλο,ο,α,ο,α,ου,ων,neuter,body,,
118,teNmzWpIri,fire station,πυροσβεστικός σταθμός,ός,οί,ό,ούς,ού,ών,masculine,city,buildings,
119,ro5wnp9i67,fish,ψάρι,ι,ια,ι,ια,ιού,ιών,neuter,food,,
120,d%FA&nM@@X,flip-flop,σαγιονάρα,α,ες,α,ες,ας,ών,feminine,clothing,,
121,2Nan5VnjrL,floor of a room,πάτωμα,α,ατα,α,ατα,ατος,άτων,neuter,home,,
122,QlFOF6Wjk8,flower,λουλούδι,ι,ια,ι,ια,ιού,ιών,neuter,nature,,
123,BdqwOablcv,fog,ομίχλη,η,ες,η,ες,ης,ών,feminine,nature,weather,
124,iT6<6/Vef2,forehead,μέτωπο,ο,α,ο,α,ου,ων,neuter,body,,
125,DRlai9Nzs4,forest,δάσος,ος,η,ος,η,ους,ών,masculine,nature,,
126,"zrDY[,S,RU",fork,πιρούνι,ι,ια,ι,ια,ιού,ιών,neuter,home,area,kitchen
127,*[0\5vrn{Q,freezer,κατάψυξη,η,εις,η,εις,ης,εων,feminine,home,area,kitchen
128,yXxG8R4|cz,friday,παρασκευή,ή,ές,ή,ές,ής,ών,feminine,time,days,
129,"jX6^>28kK,",friend (f),φίλη,η,ες,η,ες,ης,ων,feminine,person,,
130,fVlFeB%k@{,friend (m),φίλος,ος,οι,ο,ους,ου,ων,masculine,person,,
131,DVuyAHzlpl,garden,κήπος,ος,οι,ο,ους,ου,ων,masculine,home,area,
132,t4GYv4nwK3,garlic,σκόρδο,ο,α,ο,α,ου,ων,neuter,food,vegetables,
133,{P+tn-tW+,girl (older),κοπέλα,α,ες,α,ες,ας,-,feminine,person,,
134,Eo6cG(ZcP~,girl (young),κορίτσι,ι,ια,ι,ια,ιού,ιών,neuter,person,,
135,yU)Sdu5UV%,glass,ποτήρι,ι,ια,ι,ια,ιού,ιών,neuter,home,area,kitchen
136,cK2`b-wj-k,glasses,γυαλιά,ά,ές,ά,ές,άς,ών,feminine,clothing,,
137,sdTwV/e}J_,glove,γάντι,ι,ια,ι,ια,ιού,ιών,neuter,clothing,,
138,K7Qn=]AQ^M,glue,κόλλα,α,ες,α,ες,ας,ών,feminine,school,,
139,g1)oB:]5x/,granddaughter,εγγονή,ή,ές,ή,ές,ής,ών,feminine,person,,
140,Nns?(@|>Dz,grandfather,παππούς,ύς,ύδες,ύ,ύδες,ύ,ύδων,masculine,person,,
141,QbN_gN5%Y1,grandmother,γιαγιά,ά,ές,ά,ές,άς,άδων,feminine,person,,
142,zf)(vn~H=d,grandson,εγγονός,ός,οί,ό,ούς,ού,ών,masculine,person,,
143,TRvthID1CQ,grape,σταφύλι,ι,ια,ι,ια,ιού,ιών,neuter,food,fruit,
144,"lY,^[Nz9xg","gum, rubber",γόμα,α,ες,α,ες,ας,ών,feminine,school,,
145,h!c[fFCUE^,hair (single stran),μαλλί,ί,ιά,ί,ιά,ιού,ών,neuter,body,,
146,vacjJGFXPt,hallway ,διάδρομος,ος,οι,ο,ους,ου,ων,masculine,home,area,
147,iHCJ&uCw*J,hand/arm,χέρι,ι,ια,ι,ια,ιού,ιών,neuter,body,,
148,kMEE?NH2*^,hat,καπέλο,ο,α,ο,α,ου,ων,neuter,clothing,,
149,N=GM2~4Sp/,head,κεφάλι,ι,ια,ι,ια,ιού,ιών,neuter,body,,
150,u*z@jxeTpg,heavy jacket,μπουφάν,-,-,-,-,-,-,neuter,clothing,,
151,JLbN:1;*LG,heel (foot),φτέρνα,α,ες,α,ες,ας,ών,feminine,body,,
152,cDzk#U4>_V,heel (shoe),τακούνι,ι,ια,ι,ια,ιού,ιών,neuter,clothing,,
153,FFZShXfRlJ,hill,λόφος,ος,οι,ο,ους,ου,ων,masculine,nature,,
154,fr(EW-:Un:,horse,άλογο,ο,α,ο,α,ου,ων,neuter,animal,,
155,Flf9Kp6ftW,hotel,ξενοδοχείο,ο,α,ο,α,ου,ων,neuter,city,buildings,
156,N3ToOG4u)P,jacket,ζακέτα,α,ες,α,ες,ας,ών,feminine,clothing,,
157,u{uL<9C4YQ,January,Ιανουάριος,ος,οι,ο,ους,ου,ων,masculine,time,months,
158,d%}*:2fm9`,July,Ιούλιος,ος,οι,ο,ους,ου,ων,masculine,time,months,
159,Re6|!dp]^5,June,Ιούνιος,ος,οι,ο,ους,ου,ων,masculine,time,months,
160,pse%cY?+r-,key,κλειδί,ί,ιά,ί,ιά,ιού,ιών,neuter,,,
161,oWowAdvDXg,kitchen,κουζίνα,α,ες,α,ες,ας,ών,feminine,home,area,
162,JWKAcM55px,kiwi ,ακτινίδιο,ο,α,ο,α,ου,ων,neuter,food,fruit,
163,k:)4Eh6-_,knee,γόνατο,ο,α,ο,α,ου,ων,neuter,body,,
164,s0<}2Of7;,knife,μαχαίρι,ι,ια,ι,ια,ιού,ιών,neuter,home,area,kitchen
165,PiIP<a{&+V,lamp,λάμπα,α,ες,α,ες,ας,ών,feminine,home,area,bedroom
166,C%`jZRI@}Z,leg/foot,πόδι,ι,ια,ι,ια,ιού,ιών,neuter,body,,
167,H|LmH%YEZQ,letter,γράμμα,α,ατα,α,ατα,ατος,άτων,neuter,,,
168,GYxBYErz7r,lettuce ,μαρούλι,ι,ια,ι,ια,ιού,ιών,neuter,food,vegetables,
169,vKc}&AQloH,lip,χείλι,ι,ια,ι,ια,ιού,ιών,neuter,body,,
170,m5u78eRosy,living room ,καθιστικό,ό,ά,ό,ά,ού,ών,neuter,home,area,
171,qp4Sn48IOE,lunch,μεσημεριανό,ό,ά,ό,ά,ού,ών,neuter,food,,
172,NP.35^:Uqs,man,άντρας,ας,ες,α,ες,α,ών,masculine,person,,
173,RqpWoQfHmV,mango,μάνγκο,ο,α,ο,α,ου,ων,neuter,food,fruit,
174,Om`>yFlHO^,March,Μάρτιος,ος,οι,ο,ους,ου,ων,masculine,time,months,
175,"m0o{8,@uG>",marker,μαρκαδόρος,ος,οι,ο,ους,ου,ων,masculine,school,,
176,D`NcO{`I/y,mattress,στρώμα,α,ατα,α,ατα,ατος,άτων,neuter,home,area,bedroom
177,y)(om&#^vp,May,Μάιος,ος,οι,ο,ους,ου,ων,masculine,time,months,
178,pRNJ^{&kq_,measuring cup,δοσομετρητής,ής,ές,ή,ές,ή,ών,masculine,home,area,kitchen
179,x/TbOJv1L|,meat,κρέας,ς,τα,ς,τα,τος,των,masculine,food,,
180,D5niDXDDm7,mind,μυαλό,ό,ά,ό,ά,ού,ών,neuter,body,,
181,ksY33tZbQ~,mirror,καθρέφτης,ης,ες,η,ες,η,ών,masculine,home,area,bedroom
182,Q+fKP0`=`1,Miss,δεσποινίς,ς,δες,δα,δες,δος,δων,masculine,person,,
183,u(0.sSjcR=,mom,μαμά,ά,άδες,ά,άδες,άς,άδων,feminine,person,,
184,iNa#dKo]-Z,monday,δευτέρα,α,ες,α,ες,ας,ών,feminine,time,days,
185,"n,6-l}tcbi",moneybox/piggy bank,κουμπαράς,άς,άδες,ά,άδες,ά,άδων,masculine,,,
186,yejfkEs0Ev,morning,πρωί,ί,ινά,ί,ινά,ινού,ινών,neuter,time,day,
187,i$:4MlI/ou,mother,μητέρα,α,ες,α,ες,ας,ων,feminine,person,,
188,y1f]h}2PkC,mother-in-law,πεθερά,ά,ές,ά,ές,άς,ών,feminine,person,,
189,.G2pqAlh!,mouse,ποντίκι,ι,ια,ι,ια,ιού,ιών,neuter,animal,,
190,qEZ%~p<4+m,mouth,στόμα,α,ατα,α,ατα,ατος,άτων,neuter,body,,
191,FX?GxqXfRM,Mr,κύριος,ος,οι,ον,ους,ου,ων,masculine,person,,
192,P7}fAQ/m<X,Mrs,κύρια,α,ες,α,ες,ας,ών,feminine,person,,
193,srqv%ZU.Nt,nail,νύχι,ι,ια,ι,ια,ιού,ιών,neuter,body,,
194,L?BPP}ARoc,neck,λαιμός,ός,οί,ό,ούς,ού,ών,masculine,body,,
195,D]E!l1{}Fo,nephew,ανιψιός,ός,οί,ό,ούς,ού,ών,masculine,person,,
196,CdJ]+2t4wh,niece,ανιψιά,ά,ές,ά,ές,άς,ών,feminine,person,,
197,P4trWWm25K,night,νύχτα,α,ες,α,ες,ας,ών,feminine,time,day,
198,"E_A0D,}bY1",nightgown,νυχτικό,ό,ά,ό,ά,ού,ών,neuter,clothing,,
199,C_l-vpDoP!,nightstand,κομοδίνο,ο,α,ο,α,ου,ων,neuter,home,area,bedroom
200,AT-%.bk3iq,nose,μύτη,η,ες,η,ες,ης,ών,feminine,body,,
201,MougJMihGa,notebook,τετράδιο,ο,α,ο,α,ου,ων,neuter,school,,
202,P*Jzqv<tFb,November,Νοέμβριος,ος,οι,ο,ους,ου,ων,masculine,time,months,
203,p6+ydI]{YU,object,αντικείμενο,ο,α,ο,α,ου,ων,neuter,,,
204,Cf>lv/6!rr,October,Οκτώβριος,ος,οι,ο,ους,ου,ων,masculine,time,months,
205,n|vte(PsZ?,olive,ελιά,ά,ές,ά,ές,άς,ών,feminine,food,,
206,syRV6fBymD,onion ,κρεμμύδι,ι,ια,ι,ια,ιού,ιών,neuter,food,vegetables,
207,p9Am4GP40E,orange,πορτοκάλι,ι,ια,ι,ια,ιού,ιών,neuter,food,fruit,
208,BE>L3EsAI*,oven,φούρνος,ος,οι,ο,ους,ου,ων,masculine,home,area,kitchen
209,HlCz6GR_Ew,pan,τηγάνι,ι,ια,ι,ια,ιού,ιών,neuter,home,area,kitchen
210,DKd+OSCk}V,pants,παντελόνι,ι,ια,ι,ια,ιού,ιών,neuter,clothing,,
211,N:LP]>GMWN,paper,χαρτί,ί,ιά,ί,ιά,ιού,ιών,neuter,school,,
212,w`+HRTxio&,parent,γονιός,ός,οί,ό,ούς,ού,ών,masculine,person,,
213,qhQspvSBG7,"path, trail",μονοπάτι,ι,ια,ι,ια,ιού,ιών,neuter,nature,,
214,"jG_Q,iOe~M",pen,στυλό,ό,ά,ό,ά,ού,ών,neuter,school,,
215,odJfZxgmC2,pencil,μολύβι,ι,ια,ι,ια,ιού,ιών,neuter,school,,
216,t&mnD4sFBS,pencil case,κασετίνα,α,ες,α,ες,ας,ών,feminine,school,,
217,nH2shxDScg,pepper,πιπέρι,ι,ια,ι,ια,ιού,ιών,neuter,food,vegetables,
218,?H_n9T]wl,person,άνθρωπος,ος,οι,ο,ους,ου,ων,masculine,person,,
219,u{/C+7r^t=,pillow,μαξιλάρι,ι,ια,ι,ια,ιού,ιών,neuter,home,area,bedroom
220,m2YZANsPWn,pineapple ,ανανάς,άς,άδες,ά,άδες,ά,άδων,masculine,food,fruit,
221,pebzLHeRdo,plate,πιάτο,ο,α,ο,α,ου,ων,neuter,home,area,kitchen
222,evMSrMu4Vt,police station,αστυνομικό τμήμα,α,ατα,α,ατα,ατος,άτων,neuter,city,buildings,
223,uSFwHmgb0k,port,λιμάνι,ι,ια,ι,ια,ιού,ιών,neuter,transport,,
224,asX9JQrMsf,post office,ταχυδρομείο,ο,α,ο,α,ου,ων,neuter,city,buildings,
225,A;uA</^+#y,pot,κατσαρόλα,α,ες,α,ες,ας,ών,feminine,home,area,kitchen
226,t8tOsJibKu,potato ,πατάτα,α,ες,α,ες,ας,ών,feminine,food,vegetables,
227,"L1)Q,X)><,",pyjama,πιτζάμα,α,ες,α,ες,ας,ών,feminine,clothing,,
228,oCXoVI3+b?,rabbit,κουνέλι,ι,ια,ι,ια,ιού,ιών,neuter,animal,,
229,xARO$#Rf@N,razor,ξυράφι,ι,ια,ι,ια,ιού,ιών,neuter,home,area,bathroom
230,kp4m*SJMUI,refrigerator,ψυγείο,ο,α,ο,α,ου,ων,neuter,home,area,kitchen
231,F(B`<qt[{w,relation by marriage (f),συμπεθέρα,α,ες,α,ες,ας,ων,feminine,person,,
232,H1wD(mxz|A,relation by marriage (m),συμπέθερος,ος,οι,ο,ους,ου,ων,masculine,person,,
233,92snebynKB,road,δρόμος,ος,οι,ο,ους,ου,ων,masculine,city,,
234,nBFj={LV@8,"robe, dressing gown",ρόμπα,α,ες,α,ες,ας,ών,feminine,clothing,,
235,n73TRq9xEx,rock,βράχος,ος,οι,ο,ους,ου,ων,masculine,nature ,,
236,qIxQW7epCL,rug/carpet,χαλί,ί,ιά,ί,ιά,ιού,ιών,neuter,home,area,bedroom
237,g!Kx__GmX6,ruler,χάρακας,ας,ες,α,ες,α,ων,masculine,school,,
238,B/3oi|7m&:,sandal,πέδιλο,ο,α,ο,α,ου,ων,neuter,clothing,,
239,r/zo!)*%I7,saturday,σάββατο,ο,α,ο,α,ου,ων,neuter,time,days,
240,s1-6NURnuS,scarf,κασκόλ,-,-,-,-,-,-,neuter,clothing,,
241,tT#rKyt::),school,σχολείο,ο,α,ο,α,ου,ων,neuter,school,,
242,q$sJyR6;wi,scissor,ψαλίδι,ι,ια,ι,ια,ιού,ιών,neuter,school,,
243,umWGCy;n.:,September,Σεπτέμβριος,ος,οι,ο,ους,ου,ων,masculine,time,months,
244,"l}[51GWMp,",sharpener,ξύστρα,α,ες,α,ες,ας,ών,feminine,school,,
245,Fu]RYOeY+_,sheet,σεντόνι,ι,ια,ι,ια,ιού,ιών,neuter,home,area,bedroom
246,3fBSoEoVDU,ship,πλοίο,ο,α,ο,α,ου,ων,neuter,transport,,
247,f(y@1*hyrF,shirt,πουκάμισο,ο,α,ο,α,ου,ων,neuter,clothing,,
248,xo$Hl*1234,shoe,παπούτσι,ι,ια,ι,ια,ιού,ιών,neuter,clothing,,
249,"1R({,qb81",shorts,σορτς,-,-,-,-,-,-,neuter,clothing,,
250,I*HNUS@}Yh,shoulder,ώμος,ος,οι,ο,ους,ου,ων,masculine,body,,
251,"HlVgN<,JVY",shower,ντους,-,-,-,-,-,-,neuter,home,area,bathroom
252,i1mD_?i`G|,singlet,φανέλα,α,ες,α,ες,ας,ών,feminine,clothing,,
253,E.zM3Ox#eU,sink,νεροχύτης,ης,ες,η,ες,η,ών,masculine,home,area,kitchen
254,"s,NAgC-CLw",sister,αδελφή,ή,άδες,ή,άδες,ής,άδων,feminine,person,,
255,nMN3v[oRHz,skirt,φούστα,α,ες,α,ες,ας,ών,feminine,clothing,,
256,Z1ySO4pZCD,sky,ουρανός,ός,οί,ό,ούς,ού,ών,masculine,nature ,,
257,n-72P:2%_|,sleeve,μανίκι,ι,ια,ι,ια,ιού,ιών,neuter,clothing,,
258,H/^hoRU@$y,slipper,παντόφλα,α,ες,α,ες,ας,-,feminine,clothing,,
259,"w,DjKQ&VG5",sneaker (athletic shoe),αθλητικά παπούτσι,ι,ια,ι,ια,ιού,ιών,neuter,clothing,,
260,ztA@3](r?Q,soap,σαπούνι,ι,ια,ι,ια,ιού,ιών,neuter,home,area,bathroom
261,j]S{*(2JC8,sock,κάλτσα,α,ες,α,ες,ας,ών,feminine,clothing,,
262,"mb,K@[<Vhs",son,γιός,ός,οί,ό,ούς,ού,ών,masculine,person,,
263,EC)D)bj&r0,spatula,σπάτουλα,α,ες,α,ες,ας,ών,feminine,home,area,kitchen
264,IrUK9VTUXE,spinach ,σπανάκι,ι,ια,ι,ια,ιού,ιών,neuter,food,vegetables,
265,l!a7)G;HD#,sponge,σφουγγάρι,ι,ια,ι,ια,ιού,ιών,neuter,home,area,bathroom
266,j}_r*B{VBS,spoon,κουτάλι,ι,ια,ι,ια,ιού,ιών,neuter,home,area,kitchen
267,"glfe_ml@2,",spouse,σύζυγος,ος,οι,ο,ους,ου,ων,masculine,person,,
268,hrHQuXgwse,stocking/tights,καλτσόν,-,-,-,-,-,-,neuter,clothing,,
269,m8lMG+;oQa,stomach,κοιλιά,ά,ές,ά,ές,άς,ών,feminine,body,,
270,tDRDEtbB^#,straw (drinking),καλαμάκι,ι,ια,ι,ια,-,-,neuter,drink,,
271,cJAU7GNkap,strawberry ,φράουλα,α,ες,α,ες,ας,ών,feminine,food,fruit,
272,vO~ZGsB3!D,student (f),μαθήτρια,α,ες,α,ες,ας,ών,feminine,person,,
273,EKIvgyN@ts,student (m),μαθητής,ής,ές,ή,ές,ού,ών,masculine,person,,
274,z=^N[|CpVt,suit jacket/blazer,σακάκι,ι,ια,ι,ια,ιού,ιών,neuter,clothing,,
275,gKYMMv4CnD,sun,ήλιος,ος,οι,ο,ους,ου,ων,masculine,nature ,,
276,hKk-UP/Q4t,sunday,κυριακή,ή,ές,ή,ές,ής,ών,feminine,time,days,
277,JIM`>xd3o{,sweater,πουλόβερ,-,-,-,-,-,-,neuter,clothing,,
278,g0|e4d*IZ|,swimsuit,μαγιό,ό,ά,ό,ά,ού,ών,neuter,clothing,,
279,KQI9M18>-2,t-shirt,κοντομάνικο,ο,α,ο,α,ου,ων,neuter,clothing,,
280,IPBFgV+ca7,table,τραπέζι,ι,ια,ι,ια,ιού,ιών,neuter,school,,
281,k=zXDs.ZXT,teacher (f),δασκάλα,α,ες,α,ες,ας,-,feminine,occupation,,
282,gY9hycbIx3,teacher (m),δάσκαλος,ος,οι,ο,ους,ου,ων,masculine,occupation,,
283,qv}DhOZL6i,teeth,δόντι,ι,ια,ι,ια,ιού,ιών,neuter,body,,
284,c7#))$n|R*,television,τηλεόραση,η,εις,η,εις,εως,εων,feminine,home,area,livingroom
285,lM6o7UDX@o,thing,πράγμα,α,ατα,α,ατα,ατος,άτων,neuter,,,
286,d?[9I/h1+d,thursday,πέμπτη,η,ες,η,ες,ης,ών,feminine,time,days,
287,CziDmPLh!h,toilet,τουαλέτα,α,ες,α,ες,ας,ών,feminine,home,area,bathroom
288,TazUdMzlq5,tomato ,ντομάτα,α,ες,α,ες,ας,ών,feminine,food,vegetables,
289,t/y-W0[zKI,toothbrush,οδοντόβουρτσα,α,ες,α,ες,ας,ών,feminine,home,area,bathroom
290,jPcOo:Ve5k,toothpaste,οδοντόκρεμα,α,ες,α,ες,ας,-,feminine,home,area,bathroom
291,xUX}`i[U%%,toung,γλώσσα,α,ες,αν,ες,ας,ών,feminine,body,,
292,K5I#y/{?I:,towel,πετσέτα,α,ες,α,ες,ας,ών,feminine,home,area,bathroom
293,u>O93dLI7O,toy,παιχνίδι,ι,ια,ι,ια,ιού,ιών,neuter,home,area,bedroom
294,pNSZsr8axz,train,τρένο,ο,α,ο,α,ου,ων,neuter,transport,,
295,ZIakZjHUhX,train station,σιδηροδρομικός σταθμός,ός,οί,ό,ούς,ού,ών,masculine,transport,,
296,8NZPzQ5A0i,tree,δέντρο,ο,α,ο,α,ου,ων,neuter,nature,,
297,166Sk0R6p9,"truck, van",φορτηγό,ό,ά,ό,ά,ού,ών,neuter,transport,,
298,vdLm[=V}Pz,tuesday,τρίτη,η,ες,η,ες,ης,ών,feminine,time,days,
299,O]9YE8=Ke:,umbrella,ομπρέλα,α,ες,α,ες,ας,ών,feminine,,,
300,z%Kyq*LC1&,uncle,θείος,ος,οι,ον,ους,ου,ων,masculine,person,,
301,t2[GTDqVWu,vase,βάζο,ο,α,ο,α,ου,ων,neuter,home,area,livingroom
302,ioBfTuRpeH,wall,τείχος,ος,η,ος,η,ους,ών,masculine,home,,
303,sc5agSwCj<,wallet,πορτοφόλι,ι,ια,ι,ια,ιού,ιών,neuter,,,
304,f}.h}O0j[(,water,νερό,ό,ά,ό,ά,ού,ών,neuter,drink,,
305,fLKPnNuaF4,watermelon ,καρπούζι,ι,ια,ι,ια,ιού,ιών,neuter,food,fruit,
306,A$_UZPs;Yl,weather,καιρός,ός,οί,ό,ούς,ού,ών,masculine,,,
307,O=>T:VH{1R,wednesday,τετάρτη,η,ες,η,ες,ης,ών,feminine,time,days,
308,dc;ojdr5}7,wheel,ρόδα,α,ες,α,ες,ας,ών,feminine,,,
309,Ew+>+RdWvT,whisk,σύρμα,α,ατα,α,ατα,ατος,άτων,feminine,home,area,kitchen
310,GPt%2fTZuz,window,παράθυρο,ο,α,ο,α,ου,ων,neuter,school,,
311,fh*52GMn*`,wine,κρασί,ί,ιά,ί,ιά,ιού,ιών,neuter,drink,,
312,Pd6f=J!ea&,woman,γυναίκα,α,ες,α,ες,ας,ών,feminine,person,,
313,fFVNucmuI1,yard,αυλή,ή,ές,ή,ές,ής,ών,feminine,home,area,
