,guid,id,ord,verb,conjugated,english,tense,person,number
0,lfvs5bzDgW,,0,αγοράζω,άγορασα,I bought,Past Simple,1st,Singular
1,aU50Siro37,,1,αγοράζω,αγόρασες,You bought,Past Simple,2nd,Singular
2,NXmcxBq5M7,,2,αγοράζω,αγόρασε,He/She/It bought,Past Simple,3rd,Singular
3,XYF42i9vzR,,3,αγοράζω,αγοράσαμε,We bought,Past Simple,1st,Plural
4,i8qX7YGIA4,,4,αγοράζω,αγοράσατε,You bought,Past Simple,2nd,Plural
5,q5Ky2QIpRA,,5,αγοράζω,αγόρασαν,They bought,Past Simple,3rd,Plural
6,yDT19Xm2oZ,,6,αγοράζω,αγόραζα,I was buying,Past Continuous,1st,Singular
7,8uHttDm6CW,,7,αγοράζω,αγόραζες,You were buying,Past Continuous,2nd,Singular
8,9XUS9qZsHD,,8,αγοράζω,αγόραζε,He/She/It was buying,Past Continuous,3rd,Singular
9,9MK9qQ8B5x,,9,αγοράζω,αγοράζαμε,We were buying,Past Continuous,1st,Plural
10,v6TIXvxG1D,,10,αγοράζω,αγοράζατε,You were buying,Past Continuous,2nd,Plural
11,bnwrItaiv8,,11,αγοράζω,αγόραζαν,They were buying,Past Continuous,3rd,Plural
12,q7BDrrVD7G,,12,αγοράζω,αγοράζω,I buy,Present,1st,Singular
13,PvUvJNUfa2,,13,αγοράζω,αγοράζεις,You buy,Present,2nd,Singular
14,lRubJBAVol,,14,αγοράζω,αγοράζει,He/She/It buys,Present,3rd,Singular
15,zYG75pT9v5,,15,αγοράζω,αγοράζουμε,We buy,Present,1st,Plural
16,EsZ7VqPUNH,,16,αγοράζω,αγοράζετε,You buy,Present,2nd,Plural
17,iv6Br3q0Qg,,17,αγοράζω,αγοράζουν,They buy,Present,3rd,Plural
18,7ifmaiU8O2,,18,αγοράζω,θα αγοράζω,I will be buying,Future Continuous,1st,Singular
19,bOhSsmgH2h,,19,αγοράζω,θα αγοράζεις,You will be buying,Future Continuous,2nd,Singular
20,zZlRCIVWo2,,20,αγοράζω,θα αγοράζει,He/She/It will be buying,Future Continuous,3rd,Singular
21,zvK9C3puh3,,21,αγοράζω,θα αγοράζουμε,We will be buying,Future Continuous,1st,Plural
22,rhwHl5c4lx,,22,αγοράζω,θα αγοράζετε,You will be buying,Future Continuous,2nd,Plural
23,bGVb96L6Zd,,23,αγοράζω,θα αγοράζουν,They will be buying,Future Continuous,3rd,Plural
24,A2tSLTDkPD,,24,αγοράζω,θα αγοράσω,I will buy,Future Simple,1st,Singular
25,jpIJujc53v,,25,αγοράζω,θα αγοράσεις,You will buy,Future Simple,2nd,Singular
26,Z841Fp5NMI,,26,αγοράζω,θα αγοράσει,He/She/It will buy,Future Simple,3rd,Singular
27,1mR1yT22K8,,27,αγοράζω,θα αγοράσουμε,We will buy,Future Simple,1st,Plural
28,fNj1HShR8t,,28,αγοράζω,θα αγοράσετε,You will buy,Future Simple,2nd,Plural
29,qvoCtbv0mB,,29,αγοράζω,θα αγοράσουν,They will buy,Future Simple,3rd,Plural
30,PBEjkFfv8P,,0,ακούω,άκουσα,I heard,Past Simple,1st,Singular
31,UeKEMjvZQ8,,1,ακούω,άκουσες,You heard,Past Simple,2nd,Singular
32,cG4aAQyUoT,,2,ακούω,άκουσε,He/She/It heard,Past Simple,3rd,Singular
33,CYpddnyILi,,3,ακούω,ακούσαμε,We heard,Past Simple,1st,Plural
34,Su9IrYQZvA,,4,ακούω,ακούσατε,You heard,Past Simple,2nd,Plural
35,Lc6bb0MXIF,,5,ακούω,άκουσαν,They heard,Past Simple,3rd,Plural
36,UpD2y8SMmD,,6,ακούω,άκουγα,I was hearing/listening,Past Continuous,1st,Singular
37,xAGTtL4o8d,,7,ακούω,άκουγες,You were hearing/listening,Past Continuous,2nd,Singular
38,yzvjigEDDd,,8,ακούω,άκουγε,He/She/It was hearing/listening,Past Continuous,3rd,Singular
39,wgOZO2gn95,,9,ακούω,ακούγαμε,We were hearing/listening,Past Continuous,1st,Plural
40,2rxKsHVKW3,,10,ακούω,ακούγατε,You were hearing/listening,Past Continuous,2nd,Plural
41,8fD28UjqKk,,11,ακούω,άκουγαν,They were hearing/listening,Past Continuous,3rd,Plural
42,rzbDwVJfzu,,12,ακούω,ακούω,I hear/listen,Present,1st,Singular
43,qheFplL4JP,,13,ακούω,ακούς,You hear/listen,Present,2nd,Singular
44,tsICRXGFJn,,14,ακούω,ακούει,He/She/It hears/listens,Present,3rd,Singular
45,jrunpGOxgC,,15,ακούω,ακούμε,We hear/listen,Present,1st,Plural
46,DFm7nEVTcA,,16,ακούω,ακούτε,You hear/listen,Present,2nd,Plural
47,JKtT9A5Yq4,,17,ακούω,ακούν,They hear/listen,Present,3rd,Plural
48,JfvgKmudTP,,18,ακούω,θα ακούω,I will be hearing/listening,Future Continuous,1st,Singular
49,FOD8AY6YZo,,19,ακούω,θα ακούς,You will be hearing/listening,Future Continuous,2nd,Singular
50,kGY0NxAZ23,,20,ακούω,θα ακούει,He/She/It will be hearing/listening,Future Continuous,3rd,Singular
51,o2LRjLsodT,,21,ακούω,θα ακούμε,We will be hearing/listening,Future Continuous,1st,Plural
52,gcO8AY3eBB,,22,ακούω,θα ακούτε,You will be hearing/listening,Future Continuous,2nd,Plural
53,lB90uJccNo,,23,ακούω,θα ακούν,They will be hearing/listening,Future Continuous,3rd,Plural
54,LwDm7lUSNw,,24,ακούω,θα ακούσω,I will hear/listen,Future Simple,1st,Singular
55,VUi9xR7rk0,,25,ακούω,θα ακούσεις,You will hear/listen,Future Simple,2nd,Singular
56,MZdPTXouBa,,26,ακούω,θα ακούσει,He/She/It will hear/listen,Future Simple,3rd,Singular
57,kBCbwcx4EQ,,27,ακούω,θα ακούσουμε,We will hear/listen,Future Simple,1st,Plural
58,7RtruQHqiA,,28,ακούω,θα ακούσετε,You will hear/listen,Future Simple,2nd,Plural
59,QKlCwBdnGt,,29,ακούω,θα ακούσουν,They will hear/listen,Future Simple,3rd,Plural
60,5sA3BY1Scd,,0,αλλάζω,άλλαξα,I changed,Past Simple,1st,Singular
61,zKCi1EJlV4,,1,αλλάζω,άλλαξες,You changed,Past Simple,2nd,Singular
62,RLBhuzlFvD,,2,αλλάζω,άλλαξε,He/She/It changed,Past Simple,3rd,Singular
63,hSPlfMPJfK,,3,αλλάζω,αλλάξαμε,We changed,Past Simple,1st,Plural
64,BPOpFQda15,,4,αλλάζω,αλλάξατε,You changed,Past Simple,2nd,Plural
65,ZApNM4TCbf,,5,αλλάζω,άλλαξαν,They changed,Past Simple,3rd,Plural
66,lh6GLSoiB4,,6,αλλάζω,άλλαζα,I was changing,Past Continuous,1st,Singular
67,CqNZdN7wzi,,7,αλλάζω,άλλαζες,You were changing,Past Continuous,2nd,Singular
68,QnXuUWWoao,,8,αλλάζω,άλλαζε,He/She/It was changing,Past Continuous,3rd,Singular
69,VS2RDQMUQN,,9,αλλάζω,αλλάζαμε,We were changing,Past Continuous,1st,Plural
70,EKWoJIqb6m,,10,αλλάζω,αλλάζατε,You were changing,Past Continuous,2nd,Plural
71,W8Ur43er2y,,11,αλλάζω,άλλαζαν,They were changing,Past Continuous,3rd,Plural
72,32wwlclCRW,,12,αλλάζω,αλλάζω,I change,Present,1st,Singular
73,agfhFr3vmt,,13,αλλάζω,αλλάζεις,You change,Present,2nd,Singular
74,HMIuLXZB5n,,14,αλλάζω,αλλάζει,He/She/It changes,Present,3rd,Singular
75,MQ6oQBaRq0,,15,αλλάζω,αλλάζουμε,We change,Present,1st,Plural
76,mxgO7pMptZ,,16,αλλάζω,αλλάζετε,You change,Present,2nd,Plural
77,4UYYwcWhEa,,17,αλλάζω,αλλάζουν,They change,Present,3rd,Plural
78,iRJfweVx3v,,18,αλλάζω,θα αλλάζω,I will be changing,Future Continuous,1st,Singular
79,ggRH320H3n,,19,αλλάζω,θα αλλάζεις,You will be changing,Future Continuous,2nd,Singular
80,tuZnje7Fw7,,20,αλλάζω,θα αλλάζει,He/She/It will be changing,Future Continuous,3rd,Singular
81,4nNllkPa1Q,,21,αλλάζω,θα αλλάζουμε,We will be changing,Future Continuous,1st,Plural
82,gMMqkEOSjl,,22,αλλάζω,θα αλλάζετε,You will be changing,Future Continuous,2nd,Plural
83,9mMLkDU9QZ,,23,αλλάζω,θα αλλάζουν,They will be changing,Future Continuous,3rd,Plural
84,dLgGKzVTI2,,24,αλλάζω,θα αλλάξω,I will change,Future Simple,1st,Singular
85,Mn4lFdOgSx,,25,αλλάζω,θα αλλάξεις,You will change,Future Simple,2nd,Singular
86,0U7GDU8UlM,,26,αλλάζω,θα αλλάξει,He/She/It will change,Future Simple,3rd,Singular
87,lfBiwgkdwt,,27,αλλάζω,θα αλλάξουμε,We will change,Future Simple,1st,Plural
88,2K7jGdCE6a,,28,αλλάζω,θα αλλάξετε,You will change,Future Simple,2nd,Plural
89,jTVaRLH6qt,,29,αλλάζω,θα αλλάξουν,They will change,Future Simple,3rd,Plural
90,jsrSwrIBH1,,0,ανοίγω,άνοιξα,I opened,Past Simple,1st,Singular
91,qUM8W821zd,,1,ανοίγω,άνοιξες,You opened,Past Simple,2nd,Singular
92,5MJvUwbl2v,,2,ανοίγω,άνοιξε,He/She/It opened,Past Simple,3rd,Singular
93,Q4W9il2Rew,,3,ανοίγω,ανοίξαμε,We opened,Past Simple,1st,Plural
94,JrTnoIxklT,,4,ανοίγω,ανοίξατε,You opened,Past Simple,2nd,Plural
95,1PIHxxFvXw,,5,ανοίγω,άνοιξαν,They opened,Past Simple,3rd,Plural
96,PNFKZfwKiB,,6,ανοίγω,άνοιγα,I was opening,Past Continuous,1st,Singular
97,rG1pAXKNhD,,7,ανοίγω,άνοιγες,You were opening,Past Continuous,2nd,Singular
98,Vc94DlmTcB,,8,ανοίγω,άνοιγε,He/She/It was opening,Past Continuous,3rd,Singular
99,F4KheKgCDv,,9,ανοίγω,ανοίγαμε,We were opening,Past Continuous,1st,Plural
100,L3PuJNzTLH,,10,ανοίγω,ανοίγατε,You were opening,Past Continuous,2nd,Plural
101,oNbqZZtnYe,,11,ανοίγω,άνοιγαν,They were opening,Past Continuous,3rd,Plural
102,JcxHXEVOXg,,12,ανοίγω,ανοίγω,I open,Present,1st,Singular
103,41JDH7tRz8,,13,ανοίγω,ανοίγεις,You open,Present,2nd,Singular
104,GBtPQXoKem,,14,ανοίγω,ανοίγει,He/She/It opens,Present,3rd,Singular
105,0DD7a0yIdO,,15,ανοίγω,ανοίγουμε,We open,Present,1st,Plural
106,Oe91Eym0kQ,,16,ανοίγω,ανοίγετε,You open,Present,2nd,Plural
107,jYYPOlXI3L,,17,ανοίγω,ανοίγουν,They open,Present,3rd,Plural
108,XguBtSImdk,,18,ανοίγω,θα ανοίγω,I will be opening,Future Continuous,1st,Singular
109,cbhvtFLPsm,,19,ανοίγω,θα ανοίγεις,You will be opening,Future Continuous,2nd,Singular
110,JqrhbkdJFd,,20,ανοίγω,θα ανοίγει,He/She/It will be opening,Future Continuous,3rd,Singular
111,uSsmtKRsTw,,21,ανοίγω,θα ανοίγουμε,We will be opening,Future Continuous,1st,Plural
112,5XhVhEkEcz,,22,ανοίγω,θα ανοίγετε,You will be opening,Future Continuous,2nd,Plural
113,LY7ncNoB52,,23,ανοίγω,θα ανοίγουν,They will be opening,Future Continuous,3rd,Plural
114,XUOYWVoCTF,,24,ανοίγω,θα ανοίξω,I will open,Future Simple,1st,Singular
115,ju2TmKlsij,,25,ανοίγω,θα ανοίξεις,You will open,Future Simple,2nd,Singular
116,vR4KKzNYiM,,26,ανοίγω,θα ανοίξει,He/She/It will open,Future Simple,3rd,Singular
117,fH4JEB7mXn,,27,ανοίγω,θα ανοίξουμε,We will open,Future Simple,1st,Plural
118,P6M3B81fzZ,,28,ανοίγω,θα ανοίξετε,You will open,Future Simple,2nd,Plural
119,rKQ79X1it9,,29,ανοίγω,θα ανοίξουν,They will open,Future Simple,3rd,Plural
120,y28ZfAWqs9,,0,βάζω,έβαλα,I put,Past Simple,1st,Singular
121,ICCGNPtaqA,,1,βάζω,έβαλες,You put,Past Simple,2nd,Singular
122,DEmLgDPIxp,,2,βάζω,έβαλε,He/She/It put,Past Simple,3rd,Singular
123,MQd16Npnhc,,3,βάζω,βάλαμε,We put,Past Simple,1st,Plural
124,eLoIAlu9xN,,4,βάζω,βάλατε,You put,Past Simple,2nd,Plural
125,chpDn0kt8Y,,5,βάζω,έβαλαν,They put,Past Simple,3rd,Plural
126,Kj0GhoKag1,,6,βάζω,έβαζα,I was putting,Past Continuous,1st,Singular
127,kubGd04YJ0,,7,βάζω,έβαλες,You were putting,Past Continuous,2nd,Singular
128,OfVgJOUVRD,,8,βάζω,έβαλε,He/She/It was putting,Past Continuous,3rd,Singular
129,LmLNMibBt3,,9,βάζω,βάζαμε,We were putting,Past Continuous,1st,Plural
130,eGZio5iM3R,,10,βάζω,βάζατε,You were putting,Past Continuous,2nd,Plural
131,4w57jnghZF,,11,βάζω,έβαζαν,They were putting,Past Continuous,3rd,Plural
132,ILp5v1ninm,,12,βάζω,βάζω,I put,Present,1st,Singular
133,8hkhSW4LDv,,13,βάζω,βάζεις,You put,Present,2nd,Singular
134,feihChtLeK,,14,βάζω,βάζει,He/She/It puts,Present,3rd,Singular
135,t3paa8BrJG,,15,βάζω,βάζουμε,We put,Present,1st,Plural
136,F1ZoKgX5hn,,16,βάζω,βάτε,You put,Present,2nd,Plural
137,6ifR3VjM8m,,17,βάζω,βάζουν,They put,Present,3rd,Plural
138,iURA75plsB,,18,βάζω,θα βάζω,I will be putting,Future Continuous,1st,Singular
139,D7gmfBeIrw,,19,βάζω,θα βάζεις,You will be putting,Future Continuous,2nd,Singular
140,BCKkf15xu6,,20,βάζω,θα βάζει,He/She/It will be putting,Future Continuous,3rd,Singular
141,UAdeDrQkbb,,21,βάζω,θα βάζουμε,We will be putting,Future Continuous,1st,Plural
142,HQPhCLjGC8,,22,βάζω,θα βάζετε,You will be putting,Future Continuous,2nd,Plural
143,FHamCUqokf,,23,βάζω,θα βάζουν,They will be putting,Future Continuous,3rd,Plural
144,lXK6TDDm51,,24,βάζω,θα βάλω,I will put,Future Simple,1st,Singular
145,aWaDnZ7ACL,,25,βάζω,θα βάλεις,You will put,Future Simple,2nd,Singular
146,ue3afOLWEY,,26,βάζω,θα βάλει,He/She/It will put,Future Simple,3rd,Singular
147,QNiQF0rEbT,,27,βάζω,θα βάλουμε,We will put,Future Simple,1st,Plural
148,BIkEebO5L5,,28,βάζω,θα βάλετε,You will put,Future Simple,2nd,Plural
149,UBiArPAlwX,,29,βάζω,θα βάλουν,They will put,Future Simple,3rd,Plural
150,jycLR4bEno,,0,βρίσκω,βρήκα,I found,Past Simple,1st,Singular
151,FbmDEhtzih,,1,βρίσκω,βρήκες,You found,Past Simple,2nd,Singular
152,cKlKmLptlI,,2,βρίσκω,βρήκε,He/She/It found,Past Simple,3rd,Singular
153,tSONqkBsQ7,,3,βρίσκω,βρήκαμε,We found,Past Simple,1st,Plural
154,tjoTR0ws8n,,4,βρίσκω,βρήκατε,You found,Past Simple,2nd,Plural
155,gJpD7g48Yn,,5,βρίσκω,βρήκαν,They found,Past Simple,3rd,Plural
156,seaZT7MU6l,,6,βρίσκω,έβρισκα,I was finding,Past Continuous,1st,Singular
157,up0IqvTSFF,,7,βρίσκω,έβρισκες,You were finding,Past Continuous,2nd,Singular
158,p6iEXYCGGD,,8,βρίσκω,έβρισκε,He/She/It was finding,Past Continuous,3rd,Singular
159,0HuLtAAg4s,,9,βρίσκω,εβρίσκαμε,We were finding,Past Continuous,1st,Plural
160,2bwnLYlPoh,,10,βρίσκω,εβρίσκατε,You were finding,Past Continuous,2nd,Plural
161,CQgxwYsOdf,,11,βρίσκω,έβρισκαν,They were finding,Past Continuous,3rd,Plural
162,el1oWprnBm,,12,βρίσκω,βρίσκω,I find,Present,1st,Singular
163,884TKB813L,,13,βρίσκω,βρίσκεις,You find,Present,2nd,Singular
164,qaAfoBu3Ux,,14,βρίσκω,βρίσκει,He/She/It finds,Present,3rd,Singular
165,G7Q500xFbf,,15,βρίσκω,βρίσκουμε,We find,Present,1st,Plural
166,JhxCr1udd9,,16,βρίσκω,βρίσκετε,You find,Present,2nd,Plural
167,7jWzaadVwp,,17,βρίσκω,βρίσκουν,They find,Present,3rd,Plural
168,0OpSvJUIrL,,18,βρίσκω,θα βρίσκω,I will be finding,Future Continuous,1st,Singular
169,nCbRVUPejl,,19,βρίσκω,θα βρίσκεις,You will be finding,Future Continuous,2nd,Singular
170,mjuPkbNUIL,,20,βρίσκω,θα βρίσκει,He/She/It will be finding,Future Continuous,3rd,Singular
171,CpejP330ig,,21,βρίσκω,θα βρίσκουμε,We will be finding,Future Continuous,1st,Plural
172,5xitXDRcbw,,22,βρίσκω,θα βρίσκετε,You will be finding,Future Continuous,2nd,Plural
173,XSP2Sh3g9m,,23,βρίσκω,θα βρίσκουν,They will be finding,Future Continuous,3rd,Plural
174,jFlQOSyDVH,,24,βρίσκω,θα βρω,I will find,Future Simple,1st,Singular
175,rELTaYk9Cw,,25,βρίσκω,θα βρεις,You will find,Future Simple,2nd,Singular
176,qgCpL96UM9,,26,βρίσκω,θα βρει,He/She/It will find,Future Simple,3rd,Singular
177,GhWqohxHT9,,27,βρίσκω,θα βρούμε,We will find,Future Simple,1st,Plural
178,hHDkO1qm9P,,28,βρίσκω,θα βρείτε,You will find,Future Simple,2nd,Plural
179,CIqgEvT5Oe,,29,βρίσκω,θα βρουν,They will find,Future Simple,3rd,Plural
180,oHduYNyoyY,,0,γράφω,έγραψα,I wrote,Past Simple,1st,Singular
181,zb60OvoCCM,,1,γράφω,έγραψες,You wrote,Past Simple,2nd,Singular
182,Qwgyn43QlU,,2,γράφω,έγραψε,He/She/It wrote,Past Simple,3rd,Singular
183,QxKdUbk4Od,,3,γράφω,γράψαμε,We wrote,Past Simple,1st,Plural
184,jDEbdtE76d,,4,γράφω,γράψατε,You wrote,Past Simple,2nd,Plural
185,BN9V0tr57E,,5,γράφω,έγραψαν,They wrote,Past Simple,3rd,Plural
186,sW02VKBpbN,,6,γράφω,έγραφα,I was writing,Past Continuous,1st,Singular
187,hzz0lZXOko,,7,γράφω,έγραφες,You were writing,Past Continuous,2nd,Singular
188,JWWx1xFNkN,,8,γράφω,έγραφε,He/She/It was writing,Past Continuous,3rd,Singular
189,FicFrftrjT,,9,γράφω,γράφανε,We were writing,Past Continuous,1st,Plural
190,zJDsVMt2LS,,10,γράφω,γράφετε,You were writing,Past Continuous,2nd,Plural
191,lMgn5Cqmzi,,11,γράφω,έγραφαν,They were writing,Past Continuous,3rd,Plural
192,Foy6YVVJQU,,12,γράφω,γράφω,I write,Present,1st,Singular
193,8WTwqBOWA8,,13,γράφω,γράφεις,You write,Present,2nd,Singular
194,qE2PzrrqfX,,14,γράφω,γράφει,He/She/It writes,Present,3rd,Singular
195,7PtPYkTRcP,,15,γράφω,γράφουμε,We write,Present,1st,Plural
196,v4ruohAvJA,,16,γράφω,γράφετε,You write,Present,2nd,Plural
197,04NWSqMeR3,,17,γράφω,γράφουν,They write,Present,3rd,Plural
198,qZZASjHSz2,,18,γράφω,θα γράφω,I will be writing,Future Continuous,1st,Singular
199,mcBZp42wDM,,19,γράφω,θα γράφεις,You will be writing,Future Continuous,2nd,Singular
200,IOCt0YTVR4,,20,γράφω,θα γράφει,He/She/It will be writing,Future Continuous,3rd,Singular
201,ZsPhofGs4w,,21,γράφω,θα γράφουμε,We will be writing,Future Continuous,1st,Plural
202,IPn3KB6jen,,22,γράφω,θα γράφετε,You will be writing,Future Continuous,2nd,Plural
203,ENyfdrAR5w,,23,γράφω,θα γράφουν,They will be writing,Future Continuous,3rd,Plural
204,rcIBJ7QC5m,,24,γράφω,θα γράψω,I will write,Future Simple,1st,Singular
205,OPuJMrXjlG,,25,γράφω,θα γράψεις,You will write,Future Simple,2nd,Singular
206,vZBqxLvOMu,,26,γράφω,θα γράψει,He/She/It will write,Future Simple,3rd,Singular
207,CDqc6VVvf3,,27,γράφω,θα γράψουμε,We will write,Future Simple,1st,Plural
208,ZVmzXasSNw,,28,γράφω,θα γράψετε,You will write,Future Simple,2nd,Plural
209,u8tNPcyke1,,29,γράφω,θα γράψουν,They will write,Future Simple,3rd,Plural
210,21bp9Lz1vg,,0,δίνω,έδωσα,I gave,Past Simple,1st,Singular
211,DwN4b1UaRR,,1,δίνω,έδωσες,You gave,Past Simple,2nd,Singular
212,kjnQ44GxDh,,2,δίνω,έδωσε,He/She/It gave,Past Simple,3rd,Singular
213,PuANf1ZPNm,,3,δίνω,δώσαμε,We gave,Past Simple,1st,Plural
214,Z4Kag4nIXR,,4,δίνω,δώσατε,You gave,Past Simple,2nd,Plural
215,hHF6vZkEMO,,5,δίνω,έδωσαν,They gave,Past Simple,3rd,Plural
216,IB425SMk6X,,6,δίνω,έδινα,I was giving,Past Continuous,1st,Singular
217,UpjPLTxZ9Z,,7,δίνω,έδινες,You were giving,Past Continuous,2nd,Singular
218,HySOhR9l5F,,8,δίνω,έδινε,He/She/It was giving,Past Continuous,3rd,Singular
219,nTKw2MIm2n,,9,δίνω,δινάμε,We were giving,Past Continuous,1st,Plural
220,wBKXPAz8mg,,10,δίνω,δινάτε,You were giving,Past Continuous,2nd,Plural
221,oCCUD67sh7,,11,δίνω,έδιναν,They were giving,Past Continuous,3rd,Plural
222,zmI18GYD03,,12,δίνω,δίνω,I give,Present,1st,Singular
223,LJPfmWiNKV,,13,δίνω,δίνεις,You give,Present,2nd,Singular
224,xtA6zWpBqz,,14,δίνω,δίνει,He/She/It gives,Present,3rd,Singular
225,Wr0O0crtta,,15,δίνω,δίνουμε,We give,Present,1st,Plural
226,Ui7StXfnb7,,16,δίνω,δίνετε,You give,Present,2nd,Plural
227,fqH1czJCbb,,17,δίνω,δίνουν,They give,Present,3rd,Plural
228,lqB2jqMXXY,,18,δίνω,θα δίνω,I will be giving,Future Continuous,1st,Singular
229,CfOGS6NMEm,,19,δίνω,θα δίνεις,You will be giving,Future Continuous,2nd,Singular
230,4ZA53KimJq,,20,δίνω,θα δίνει,He/She/It will be giving,Future Continuous,3rd,Singular
231,0f0OY9p5YN,,21,δίνω,θα δίνουμε,We will be giving,Future Continuous,1st,Plural
232,mT7CBsiJSt,,22,δίνω,θα δίνετε,You will be giving,Future Continuous,2nd,Plural
233,XDGFW8MPey,,23,δίνω,θα δίνουν,They will be giving,Future Continuous,3rd,Plural
234,5Y5Svw6tKO,,24,δίνω,θα δώσω,I will give,Future Simple,1st,Singular
235,xLUwXNOOTI,,25,δίνω,θα δώσεις,You will give,Future Simple,2nd,Singular
236,K5rmXNerKl,,26,δίνω,θα δώσει,He/She/It will give,Future Simple,3rd,Singular
237,1m5Z6j0NIT,,27,δίνω,θα δώσουμε,We will give,Future Simple,1st,Plural
238,ArRee5ipWY,,28,δίνω,θα δώσετε,You will give,Future Simple,2nd,Plural
239,gvNeU3jHnA,,29,δίνω,θα δώσουν,They will give,Future Simple,3rd,Plural
240,h6F7lXmwBy,,0,δουλεύω,Εργάστηκα,I worked,Past Simple,1st,Singular
241,4WDTMCWHwd,,1,δουλεύω,Εργάστηκες,You worked,Past Simple,2nd,Singular
242,UJTrtRKiC7,,2,δουλεύω,Εργάστηκε,He/She/It worked,Past Simple,3rd,Singular
243,CLg4rEbeTt,,3,δουλεύω,Εργαστήκαμε,We worked,Past Simple,1st,Plural
244,2bqGfRhSQ9,,4,δουλεύω,Εργαστήκατε,You worked,Past Simple,2nd,Plural
245,zYIimWBc3c,,5,δουλεύω,Εργάστηκαν,They worked,Past Simple,3rd,Plural
246,ZXvtGbBFuf,,6,δουλεύω,Εργαζόμουν,I was working,Past Continuous,1st,Singular
247,7Yo2WXQiC2,,7,δουλεύω,Εργαζόσουν,You were working,Past Continuous,2nd,Singular
248,ChQ2SmsDb0,,8,δουλεύω,Εργαζόταν,He/She/It was working,Past Continuous,3rd,Singular
249,irc0ZMiPx0,,9,δουλεύω,Εργαζόμασταν,We were working,Past Continuous,1st,Plural
250,GsH3rkfFJu,,10,δουλεύω,Εργαζόσασταν,You were working,Past Continuous,2nd,Plural
251,lIERYmp2rj,,11,δουλεύω,Εργαζόντουσαν,They were working,Past Continuous,3rd,Plural
252,Et0ccLzPNg,,12,δουλεύω,Δουλεύω,I work,Present,1st,Singular
253,ZTAIKgDPUm,,13,δουλεύω,Δουλεύεις,You work,Present,2nd,Singular
254,uLY7wrXEop,,14,δουλεύω,Δουλεύει,He/She/It works,Present,3rd,Singular
255,KqStatPObZ,,15,δουλεύω,Δουλεύουμε,We work,Present,1st,Plural
256,WC1ALiLZ7s,,16,δουλεύω,Δουλεύετε,You work,Present,2nd,Plural
257,22ZJaKViLB,,17,δουλεύω,Δουλεύουν,They work,Present,3rd,Plural
258,am2p4sF71k,,18,δουλεύω,Θα δουλεύω,I will be working,Future Continuous,1st,Singular
259,pSJRKXLAUv,,19,δουλεύω,Θα δουλεύεις,You will be working,Future Continuous,2nd,Singular
260,z2xNmPkhTe,,20,δουλεύω,Θα δουλεύει,He/She/It will be working,Future Continuous,3rd,Singular
261,alCFQJwKJd,,21,δουλεύω,Θα δουλεύουμε,We will be working,Future Continuous,1st,Plural
262,RFYyRK3keM,,22,δουλεύω,Θα δουλεύετε,You will be working,Future Continuous,2nd,Plural
263,efh6DYCB4B,,23,δουλεύω,Θα δουλεύουν,They will be working,Future Continuous,3rd,Plural
264,3HH8guJ3n4,,24,δουλεύω,Θα δουλέψω,I will work,Future Simple,1st,Singular
265,4syeQN2YqU,,25,δουλεύω,Θα δουλέψεις,You will work,Future Simple,2nd,Singular
266,iR9LG8kuJr,,26,δουλεύω,Θα δουλέψει,He/She/It will work,Future Simple,3rd,Singular
267,rD3CGisb0N,,27,δουλεύω,Θα δουλέψουμε,We will work,Future Simple,1st,Plural
268,ZrcLBlSLCe,,28,δουλεύω,Θα δουλέψετε,You will work,Future Simple,2nd,Plural
269,cdb6Ix0Twt,,29,δουλεύω,Θα δουλέψουν,They will work,Future Simple,3rd,Plural
270,g5stGg7rV6,,0,είμαι,ήμουν,I was,Past Simple,1st,Singular
271,xxmgV8WGD4,,1,είμαι,ήσουν,You were,Past Simple,2nd,Singular
272,97d54KH3dR,,2,είμαι,ήταν,He/She/It was,Past Simple,3rd,Singular
273,BpIUrt3SkN,,3,είμαι,ήμασταν,We were,Past Simple,1st,Plural
274,5vn34niu8t,,4,είμαι,ήσασταν,You were,Past Simple,2nd,Plural
275,9yJPGQgxVg,,5,είμαι,ήταν,They were,Past Simple,3rd,Plural
276,XFy8TSAEgs,,6,είμαι,ήμουν,I was,Past Continuous,1st,Singular
277,27zYPra5Ba,,7,είμαι,ήσουν,You were,Past Continuous,2nd,Singular
278,2NDcL8xgPC,,8,είμαι,ήταν,He/She/It was,Past Continuous,3rd,Singular
279,wVRGbuzM9E,,9,είμαι,ήμασταν,We were,Past Continuous,1st,Plural
280,4GdjkDxyVf,,10,είμαι,ήσασταν,You were,Past Continuous,2nd,Plural
281,LfU8LQj3PU,,11,είμαι,ήταν,They were,Past Continuous,3rd,Plural
282,LTKKtyf3ZU,,12,είμαι,είμαι,I am,Present,1st,Singular
283,ClW6fXCtF4,,13,είμαι,είσαι,You are,Present,2nd,Singular
284,zK22lzCZ7x,,14,είμαι,είναι,He/She/It is,Present,3rd,Singular
285,Fa8aEtsCjD,,15,είμαι,είμαστε,We are,Present,1st,Plural
286,3TkJBkRG1f,,16,είμαι,είστε,You are,Present,2nd,Plural
287,7uVQFUzbU8,,17,είμαι,είναι,They are,Present,3rd,Plural
288,CmUWP7mQEz,,18,είμαι,θα είμαι,I will be,Future Continuous,1st,Singular
289,cDYSo0Nkc7,,19,είμαι,θα είσαι,You will be,Future Continuous,2nd,Singular
290,zN2sMy52Yi,,20,είμαι,θα είναι,He/She/It will be,Future Continuous,3rd,Singular
291,WrvpNC14km,,21,είμαι,θα είμαστε,We will be,Future Continuous,1st,Plural
292,ZlxcLP2E4n,,22,είμαι,θα είστε,You will be,Future Continuous,2nd,Plural
293,1I3tQRTUKG,,23,είμαι,θα είναι,They will be,Future Continuous,3rd,Plural
294,ZNCtgVOgQF,,24,είμαι,θα είμαι,I will be,Future Simple,1st,Singular
295,4kubEFnqhh,,25,είμαι,θα είσαι,You will be,Future Simple,2nd,Singular
296,bYzzKJQINO,,26,είμαι,θα είναι,He/She/It will be,Future Simple,3rd,Singular
297,Bz3lMstwMS,,27,είμαι,θα είμαστε,We will be,Future Simple,1st,Plural
298,o42JtJPLTU,,28,είμαι,θα είστε,You will be,Future Simple,2nd,Plural
299,jJZD4yUrXy,,29,είμαι,θα είναι,They will be,Future Simple,3rd,Plural
300,KZtnrF4hq8,,0,έχω,έχα,I had,Past Simple,1st,Singular
301,M2aNgRGtJr,,1,έχω,είχες,You had,Past Simple,2nd,Singular
302,ukHdiXpOXw,,2,έχω,είχε,He/She/It had,Past Simple,3rd,Singular
303,wUm7Tkj3Yk,,3,έχω,είχαμε,We had,Past Simple,1st,Plural
304,1T7h2DnwPB,,4,έχω,είχατε,You had,Past Simple,2nd,Plural
305,6fL5GSks6E,,5,έχω,είχαν,They had,Past Simple,3rd,Plural
306,v7pVGvm0Kh,,6,έχω,είχα,I was having,Past Continuous,1st,Singular
307,5wXSzFA4Ou,,7,έχω,είχες,You were having,Past Continuous,2nd,Singular
308,UxEalh0JQn,,8,έχω,είχε,He/She/It was having,Past Continuous,3rd,Singular
309,bCPHph1auq,,9,έχω,είχαμε,We were having,Past Continuous,1st,Plural
310,MsPNscZ2kx,,10,έχω,είχατε,You were having,Past Continuous,2nd,Plural
311,AwnHLtDw4v,,11,έχω,είχαν,They were having,Past Continuous,3rd,Plural
312,Rz2mHmRjQN,,12,έχω,έχω,I have,Present,1st,Singular
313,xHH2rT4mwP,,13,έχω,έχεις,You have,Present,2nd,Singular
314,bewUdbcKw2,,14,έχω,έχει,He/She/It has,Present,3rd,Singular
315,9Tidbg51JL,,15,έχω,έχουμε,We have,Present,1st,Plural
316,vv6TFL9qz7,,16,έχω,έχετε,You have,Present,2nd,Plural
317,B9V1leQAoI,,17,έχω,έχουν,They have,Present,3rd,Plural
318,j2LJWoKh2R,,18,έχω,θα έχω,I will be having,Future Continuous,1st,Singular
319,VPYmmm33HM,,19,έχω,θα έχεις,You will be having,Future Continuous,2nd,Singular
320,d239vONxgC,,20,έχω,θα έχει,He/She/It will be having,Future Continuous,3rd,Singular
321,UPvdceKrdH,,21,έχω,θα έχουμε,We will be having,Future Continuous,1st,Plural
322,YKjjigDBsP,,22,έχω,θα έχετε,You will be having,Future Continuous,2nd,Plural
323,rGDL9qiSXr,,23,έχω,θα έχουν,They will be having,Future Continuous,3rd,Plural
324,fnuWH3oVAK,,24,έχω,θα έχω,I will have,Future Simple,1st,Singular
325,rYlxdpaQxo,,25,έχω,θα έχεις,You will have,Future Simple,2nd,Singular
326,BbZts6HqMc,,26,έχω,θα έχει,He/She/It will have,Future Simple,3rd,Singular
327,m4z91SC3rA,,27,έχω,θα έχουμε,We will have,Future Simple,1st,Plural
328,qYb1KwXjc8,,28,έχω,θα έχετε,You will have,Future Simple,2nd,Plural
329,4sy3MVyrOa,,29,έχω,θα έχουν,They will have,Future Simple,3rd,Plural
330,AZGuzSEmdk,,0,θέλω,ήθελα,I wanted,Past Simple,1st,Singular
331,TgHFb9a7QJ,,1,θέλω,ήθελες,You wanted,Past Simple,2nd,Singular
332,fXiuwQQ4Pr,,2,θέλω,ήθελε,He/She/It wanted,Past Simple,3rd,Singular
333,pKULX6C7iY,,3,θέλω,θελήσαμε,We wanted,Past Simple,1st,Plural
334,OTI2jB6cbI,,4,θέλω,θελήσατε,You wanted,Past Simple,2nd,Plural
335,KPzB5byvJO,,5,θέλω,ήθελαν,They wanted,Past Simple,3rd,Plural
336,96nymppSLn,,6,θέλω,ήθελα,I was wanting,Past Continuous,1st,Singular
337,nkxRKj2IYH,,7,θέλω,ήθελες,You were wanting,Past Continuous,2nd,Singular
338,JpyIxRStHk,,8,θέλω,ήθελε,He/She/It was wanting,Past Continuous,3rd,Singular
339,16yMPuLahT,,9,θέλω,θελάμε,We were wanting,Past Continuous,1st,Plural
340,MLCznikejg,,10,θέλω,θελάτε,You were wanting,Past Continuous,2nd,Plural
341,N3CfGoglfq,,11,θέλω,ήθελαν,They were wanting,Past Continuous,3rd,Plural
342,XBKf45EEjB,,12,θέλω,θέλω,I want,Present,1st,Singular
343,eikmSo6VZl,,13,θέλω,θέλεις,You want,Present,2nd,Singular
344,FefpijHLN2,,14,θέλω,θέλει,He/She/It wants,Present,3rd,Singular
345,BzIwFdD2EF,,15,θέλω,θέλουμε,We want,Present,1st,Plural
346,YXMJ6275QY,,16,θέλω,θέλετε,You want,Present,2nd,Plural
347,DC2nGaJqN1,,17,θέλω,θέλουν,They want,Present,3rd,Plural
348,NM7Ja6Ya2E,,18,θέλω,θα θέλω,I will be wanting,Future Continuous,1st,Singular
349,6mOXtMnQC9,,19,θέλω,θα θέλεις,You will be wanting,Future Continuous,2nd,Singular
350,qQaBFvzhe3,,20,θέλω,θα θέλει,He/She/It will be wanting,Future Continuous,3rd,Singular
351,cXfx1ivBdd,,21,θέλω,θα θέλουμε,We will be wanting,Future Continuous,1st,Plural
352,YRQCzpDYAB,,22,θέλω,θα θέλετε,You will be wanting,Future Continuous,2nd,Plural
353,atT2hoEvUF,,23,θέλω,θα θέλουν,They will be wanting,Future Continuous,3rd,Plural
354,jc6MuYQL7I,,24,θέλω,θα θέλω,I will want,Future Simple,1st,Singular
355,Vkla98uj8q,,25,θέλω,θα θέλεις,You will want,Future Simple,2nd,Singular
356,YvVX5AjnVb,,26,θέλω,θα θέλει,He/She/It will want,Future Simple,3rd,Singular
357,6vGR792fQZ,,27,θέλω,θα θέλουμε,We will want,Future Simple,1st,Plural
358,fyrw2Uat7V,,28,θέλω,θα θέλετε,You will want,Future Simple,2nd,Plural
359,qQOUYeen0X,,29,θέλω,θα θέλουν,They will want,Future Simple,3rd,Plural
360,LyJvdHE4iV,,0,κάθομαι,κάθησα,I sat,Past Simple,1st,Singular
361,H9pAAbRNwR,,1,κάθομαι,κάθησες,You sat,Past Simple,2nd,Singular
362,XXcyIwlrxA,,2,κάθομαι,κάθισε,He/She/It sat,Past Simple,3rd,Singular
363,mCPwIBW4r3,,3,κάθομαι,καθήσαμε,We sat,Past Simple,1st,Plural
364,v7HbJofhVB,,4,κάθομαι,καθήσατε,You sat,Past Simple,2nd,Plural
365,PlRYul0Djc,,5,κάθομαι,κάθησαν,They sat,Past Simple,3rd,Plural
366,eLiDHuWK9u,,6,κάθομαι,κάθόμουν,I was sitting,Past Continuous,1st,Singular
367,SvfasIiQdf,,7,κάθομαι,κάθονταν,You were sitting,Past Continuous,2nd,Singular
368,w0rlT8TtAK,,8,κάθομαι,κάθονταν,He/She/It was sitting,Past Continuous,3rd,Singular
369,PvVPvhhfFV,,9,κάθομαι,καθόμασταν,We were sitting,Past Continuous,1st,Plural
370,Qnr8IfAg4o,,10,κάθομαι,καθόσασταν,You were sitting,Past Continuous,2nd,Plural
371,VGt0NCDEc3,,11,κάθομαι,κάθονταν,They were sitting,Past Continuous,3rd,Plural
372,ugpHlgkLGf,,12,κάθομαι,κάθομαι,I sit,Present,1st,Singular
373,zhNhgf9wl8,,13,κάθομαι,κάθεσαι,You sit,Present,2nd,Singular
374,zbYXB6jRrQ,,14,κάθομαι,κάθεται,He/She/It sits,Present,3rd,Singular
375,Nu7YTJBzUC,,15,κάθομαι,καθόμαστε,We sit,Present,1st,Plural
376,RRB31IVLnL,,16,κάθομαι,κάθεστε,You sit,Present,2nd,Plural
377,051Vi1iYWM,,17,κάθομαι,κάθονται,They sit,Present,3rd,Plural
378,WPJY8gLFpM,,18,κάθομαι,θα κάθομαι,I will be sitting,Future Continuous,1st,Singular
379,fBLPeb6OBD,,19,κάθομαι,θα κάθεσαι,You will be sitting,Future Continuous,2nd,Singular
380,4FqGHGH0mR,,20,κάθομαι,θα κάθεται,He/She/It will be sitting,Future Continuous,3rd,Singular
381,AmJrG4dekX,,21,κάθομαι,θα καθόμαστε,We will be sitting,Future Continuous,1st,Plural
382,flUB3yBWXy,,22,κάθομαι,θα κάθεστε,You will be sitting,Future Continuous,2nd,Plural
383,Lu82eBkVuF,,23,κάθομαι,θα κάθονται,They will be sitting,Future Continuous,3rd,Plural
384,cTqVz3DqGE,,24,κάθομαι,θα κάτσω,I will sit,Future Simple,1st,Singular
385,l50XGNnrKz,,25,κάθομαι,θα κάτσεις,You will sit,Future Simple,2nd,Singular
386,n8xz0ZOaZ5,,26,κάθομαι,θα κάτσει,He/She/It will sit,Future Simple,3rd,Singular
387,V2lXNp93j0,,27,κάθομαι,θα κάτσουμε,We will sit,Future Simple,1st,Plural
388,ga3cLCV6XE,,28,κάθομαι,θα κάτσετε,You will sit,Future Simple,2nd,Plural
389,aMJOMoR6Md,,29,κάθομαι,θα κάτσουν,They will sit,Future Simple,3rd,Plural
390,xnOYiPYyyQ,,0,κάνω,έκανα,I did,Past Simple,1st,Singular
391,nc2H0Xduyd,,1,κάνω,έκανες,You did,Past Simple,2nd,Singular
392,todk95ZXjH,,2,κάνω,έκανε,He/She/It did,Past Simple,3rd,Singular
393,C7hvUFs7mp,,3,κάνω,κάναμε,We did,Past Simple,1st,Plural
394,A9NTUXhnsa,,4,κάνω,κάνατε,You did,Past Simple,2nd,Plural
395,cAh73ZJ1iK,,5,κάνω,έκαναν,They did,Past Simple,3rd,Plural
396,55mW0VhLhr,,6,κάνω,έκανα,I was doing,Past Continuous,1st,Singular
397,9UCIbVW3Kw,,7,κάνω,έκανες,You were doing,Past Continuous,2nd,Singular
398,a74N1UHEoc,,8,κάνω,έκανε,He/She/It was doing,Past Continuous,3rd,Singular
399,p7IYOyPLnI,,9,κάνω,κάναμε,We were doing,Past Continuous,1st,Plural
400,gWgA8ptatE,,10,κάνω,κάνατε,You were doing,Past Continuous,2nd,Plural
401,BdtWeJIWpT,,11,κάνω,έκαναν,They were doing,Past Continuous,3rd,Plural
402,yPaxnrEcYu,,12,κάνω,κάνω,I do,Present,1st,Singular
403,6Aiwy877c0,,13,κάνω,κάνεις,You do,Present,2nd,Singular
404,2Cm6xPu4X9,,14,κάνω,κάνει,He/She/It does,Present,3rd,Singular
405,TUiG1kdM7R,,15,κάνω,κάνουμε,We do,Present,1st,Plural
406,XmpSHl8sdA,,16,κάνω,κάνετε,You do,Present,2nd,Plural
407,bKwr3rUbdy,,17,κάνω,κάνουν,They do,Present,3rd,Plural
408,z1Ht6qnvGB,,18,κάνω,θα κάνω,I will be doing,Future Continuous,1st,Singular
409,zPSIp4v5kI,,19,κάνω,θα κάνεις,You will be doing,Future Continuous,2nd,Singular
410,yoF5yCSz6V,,20,κάνω,θα κάνει,He/She/It will be doing,Future Continuous,3rd,Singular
411,MQDBUFMrTI,,21,κάνω,θα κάνουμε,We will be doing,Future Continuous,1st,Plural
412,iyPzxvwan3,,22,κάνω,θα κάνετε,You will be doing,Future Continuous,2nd,Plural
413,Zla6bZkeRV,,23,κάνω,θα κάνουν,They will be doing,Future Continuous,3rd,Plural
414,J9bp7oNwtR,,24,κάνω,θα κάνω,I will do,Future Simple,1st,Singular
415,OOEPZ3CUUS,,25,κάνω,θα κάνεις,You will do,Future Simple,2nd,Singular
416,SWx3hL5RVP,,26,κάνω,θα κάνει,He/She/It will do,Future Simple,3rd,Singular
417,Pow711XjxZ,,27,κάνω,θα κάνουμε,We will do,Future Simple,1st,Plural
418,aL1DfbaoDY,,28,κάνω,θα κάνετε,You will do,Future Simple,2nd,Plural
419,yWPbRsM8fg,,29,κάνω,θα κάνουν,They will do,Future Simple,3rd,Plural
420,lHfKsqZAjv,,0,καταλαβαίνω,κατάλαβα,I understood,Past Simple,1st,Singular
421,oVJ90atmNY,,1,καταλαβαίνω,κατάλαβες,You understood,Past Simple,2nd,Singular
422,fr8COdqBVV,,2,καταλαβαίνω,κατάλαβε,He/She/It understood,Past Simple,3rd,Singular
423,9cULncf4Zm,,3,καταλαβαίνω,καταλάβαμε,We understood,Past Simple,1st,Plural
424,UxLJpQuR91,,4,καταλαβαίνω,καταλάβατε,You understood,Past Simple,2nd,Plural
425,VmLahq5g9P,,5,καταλαβαίνω,κατάλαβαν,They understood,Past Simple,3rd,Plural
426,nAIjiCSmNO,,6,καταλαβαίνω,καταλάβαινα,I was understanding,Past Continuous,1st,Singular
427,WNaCKcI3O3,,7,καταλαβαίνω,καταλάβαινες,You were understanding,Past Continuous,2nd,Singular
428,9TegbcfdLS,,8,καταλαβαίνω,καταλάβαινε,He/She/It was understanding,Past Continuous,3rd,Singular
429,40gMYFnXq4,,9,καταλαβαίνω,καταλαβαίναμε,We were understanding,Past Continuous,1st,Plural
430,SEtmcrCNEG,,10,καταλαβαίνω,καταλαβαίνατε,You were understanding,Past Continuous,2nd,Plural
431,ZMNLAuaKED,,11,καταλαβαίνω,καταλάβαιναν,They were understanding,Past Continuous,3rd,Plural
432,rS4EhsuUcN,,12,καταλαβαίνω,καταλαβαίνω,I understand,Present,1st,Singular
433,LyfCYNz7nf,,13,καταλαβαίνω,καταλαβαίνεις,You understand,Present,2nd,Singular
434,5QPG0XFSS8,,14,καταλαβαίνω,καταλαβαίνει,He/She/It understands,Present,3rd,Singular
435,WrK0Hc5y74,,15,καταλαβαίνω,καταλαβαίνουμε,We understand,Present,1st,Plural
436,EZDclZZViP,,16,καταλαβαίνω,καταλαβαίνετε,You understand,Present,2nd,Plural
437,bte790Wy4Q,,17,καταλαβαίνω,καταλαβαίνουν,They understand,Present,3rd,Plural
438,gViH7lU3QT,,18,καταλαβαίνω,θα καταλαβαίνω,I will be understanding,Future Continuous,1st,Singular
439,0H5GOdRWhG,,19,καταλαβαίνω,θα καταλαβαίνεις,You will be understanding,Future Continuous,2nd,Singular
440,4XjNU9cXxt,,20,καταλαβαίνω,θα καταλαβαίνει,He/She/It will be understanding,Future Continuous,3rd,Singular
441,BtyICgdE9X,,21,καταλαβαίνω,θα καταλαβαίνουμε,We will be understanding,Future Continuous,1st,Plural
442,OekLHPxeej,,22,καταλαβαίνω,θα καταλαβαίνετε,You will be understanding,Future Continuous,2nd,Plural
443,NBpkfhm8r3,,23,καταλαβαίνω,θα καταλαβαίνουν,They will be understanding,Future Continuous,3rd,Plural
444,QQjRpzNXv3,,24,καταλαβαίνω,θα καταλάβω,I will understand,Future Simple,1st,Singular
445,mZcnzFXCrJ,,25,καταλαβαίνω,θα καταλάβεις,You will understand,Future Simple,2nd,Singular
446,lTIdZ6Rc3G,,26,καταλαβαίνω,θα καταλάβει,He/She/It will understand,Future Simple,3rd,Singular
447,ZvqjdFKexH,,27,καταλαβαίνω,θα καταλάβουμε,We will understand,Future Simple,1st,Plural
448,LEFbOaJy6C,,28,καταλαβαίνω,θα καταλάβετε,You will understand,Future Simple,2nd,Plural
449,xZ0U7a3zif,,29,καταλαβαίνω,θα καταλάβουν,They will understand,Future Simple,3rd,Plural
450,ABhf1qSxQH,,0,κλείνω,έκλεισα,I closed,Past Simple,1st,Singular
451,EVtek40Qty,,1,κλείνω,έκλεισες,You closed,Past Simple,2nd,Singular
452,jdSotcXOPv,,2,κλείνω,έκλεισε,He/She/It closed,Past Simple,3rd,Singular
453,0k3SfSGojH,,3,κλείνω,κλείσαμε,We closed,Past Simple,1st,Plural
454,FtjmYHFEjL,,4,κλείνω,κλείσατε,You closed,Past Simple,2nd,Plural
455,sDiM0heaox,,5,κλείνω,έκλεισαν,They closed,Past Simple,3rd,Plural
456,W71p22zA0M,,6,κλείνω,έκλεινα,I was closing,Past Continuous,1st,Singular
457,uKpoHl6Gdq,,7,κλείνω,έκλεινες,You were closing,Past Continuous,2nd,Singular
458,nyQbTV7ZI2,,8,κλείνω,έκλεινε,He/She/It was closing,Past Continuous,3rd,Singular
459,0bfjdULgbY,,9,κλείνω,κλείναμε,We were closing,Past Continuous,1st,Plural
460,53KHcG6jY4,,10,κλείνω,κλείνατε,You were closing,Past Continuous,2nd,Plural
461,Zpn606xHhA,,11,κλείνω,έκλειναν,They were closing,Past Continuous,3rd,Plural
462,wdp4xjg9ig,,12,κλείνω,κλείνω,I close,Present,1st,Singular
463,CVoqkF9aMT,,13,κλείνω,κλείνεις,You close,Present,2nd,Singular
464,sQlyImP1IP,,14,κλείνω,κλείνει,He/She/It closes,Present,3rd,Singular
465,NnMAHQJ2fm,,15,κλείνω,κλείνουμε,We close,Present,1st,Plural
466,4v3KXuSVrU,,16,κλείνω,κλείνετε,You close,Present,2nd,Plural
467,8UwYNw1O0Q,,17,κλείνω,κλείνουν,They close,Present,3rd,Plural
468,GVvYQ54Kjj,,18,κλείνω,θα κλείνω,I will be closing,Future Continuous,1st,Singular
469,MyVEERmbbB,,19,κλείνω,θα κλείνεις,You will be closing,Future Continuous,2nd,Singular
470,uyug8ZAHL7,,20,κλείνω,θα κλείνει,He/She/It will be closing,Future Continuous,3rd,Singular
471,APxH7QRXLw,,21,κλείνω,θα κλείνουμε,We will be closing,Future Continuous,1st,Plural
472,E0uvbTLlc8,,22,κλείνω,θα κλείνετε,You will be closing,Future Continuous,2nd,Plural
473,gVF4FjRWUo,,23,κλείνω,θα κλείνουν,They will be closing,Future Continuous,3rd,Plural
474,dLVY8P9BMk,,24,κλείνω,θα κλείσω,I will close,Future Simple,1st,Singular
475,XDrOmDDmOm,,25,κλείνω,θα κλείσεις,You will close,Future Simple,2nd,Singular
476,DDzFxt7dct,,26,κλείνω,θα κλείσει,He/She/It will close,Future Simple,3rd,Singular
477,KIzzuXqYmX,,27,κλείνω,θα κλείσουμε,We will close,Future Simple,1st,Plural
478,EF7YPiZq04,,28,κλείνω,θα κλείσετε,You will close,Future Simple,2nd,Plural
479,jruU570s2T,,29,κλείνω,θα κλείσουν,They will close,Future Simple,3rd,Plural
480,XcHelvZ0kA,,0,κοιμάμαι,κοιμήθηκα,I slept,Past Simple,1st,Singular
481,mQnnXnfC5a,,1,κοιμάμαι,κοιμήθηκες,You slept,Past Simple,2nd,Singular
482,QzBtRx2476,,2,κοιμάμαι,κοιμήθηκε,He/She/It slept,Past Simple,3rd,Singular
483,ECXe2WoHRC,,3,κοιμάμαι,κοιμηθήκαμε,We slept,Past Simple,1st,Plural
484,Ck3CfTgtKP,,4,κοιμάμαι,κοιμηθήκατε,You slept,Past Simple,2nd,Plural
485,fgAPBKHySb,,5,κοιμάμαι,κοιμήθηκαν,They slept,Past Simple,3rd,Plural
486,jxTBghxfAk,,6,κοιμάμαι,κοιμόμουν,I was sleeping,Past Continuous,1st,Singular
487,oXabE9ZpuO,,7,κοιμάμαι,κοιμόσουν,You were sleeping,Past Continuous,2nd,Singular
488,vfFJp5UsMc,,8,κοιμάμαι,κοιμόταν,He/She/It was sleeping,Past Continuous,3rd,Singular
489,XTlX3jVTWE,,9,κοιμάμαι,κοιμόμασταν,We were sleeping,Past Continuous,1st,Plural
490,7FMyZZoxgd,,10,κοιμάμαι,κοιμόσασταν,You were sleeping,Past Continuous,2nd,Plural
491,BCPHbRm1ZU,,11,κοιμάμαι,κοιμούνταν,They were sleeping,Past Continuous,3rd,Plural
492,pszsoKmxxj,,12,κοιμάμαι,κοιμάμαι,I sleep,Present,1st,Singular
493,mt0jwpCQ6j,,13,κοιμάμαι,κοιμάσαι,You sleep,Present,2nd,Singular
494,MYnyPgdrWJ,,14,κοιμάμαι,κοιμάται,He/She/It sleeps,Present,3rd,Singular
495,10fDaYv1j0,,15,κοιμάμαι,κοιμόμαστε,We sleep,Present,1st,Plural
496,nOBp8E97oY,,16,κοιμάμαι,κοιμάστε,You sleep,Present,2nd,Plural
497,9ytwHpeGQQ,,17,κοιμάμαι,κοιμούνται,They sleep,Present,3rd,Plural
498,VyuLyHovCD,,18,κοιμάμαι,θα κοιμάμαι,I will be sleeping,Future Continuous,1st,Singular
499,enjc8Bs9ZR,,19,κοιμάμαι,θα κοιμάσαι,You will be sleeping,Future Continuous,2nd,Singular
500,XKKEwvsYNz,,20,κοιμάμαι,θα κοιμάται,He/She/It will be sleeping,Future Continuous,3rd,Singular
501,80IR4ueuWi,,21,κοιμάμαι,θα κοιμόμαστε,We will be sleeping,Future Continuous,1st,Plural
502,Y3Sw365ycR,,22,κοιμάμαι,θα κοιμάστε,You will be sleeping,Future Continuous,2nd,Plural
503,aWUCl1RXuS,,23,κοιμάμαι,θα κοιμούνται,They will be sleeping,Future Continuous,3rd,Plural
504,haPhSP5Wj4,,24,κοιμάμαι,θα κοιμηθώ,I will sleep,Future Simple,1st,Singular
505,apSY7Fw6Qb,,25,κοιμάμαι,θα κοιμηθείς,You will sleep,Future Simple,2nd,Singular
506,Szdoq0k4V8,,26,κοιμάμαι,θα κοιμηθεί,He/She/It will sleep,Future Simple,3rd,Singular
507,1rnjWVhogE,,27,κοιμάμαι,θα κοιμηθούμε,We will sleep,Future Simple,1st,Plural
508,ghu1KNECrt,,28,κοιμάμαι,θα κοιμηθείτε,You will sleep,Future Simple,2nd,Plural
509,HL1nvzICe6,,29,κοιμάμαι,θα κοιμηθούν,They will sleep,Future Simple,3rd,Plural
510,L1M0BR1dOo,,0,κολυμπάω,κολύμπησα,I swam,Past Simple,1st,Singular
511,OcGUD624Nw,,1,κολυμπάω,κολύμπησες,You swam,Past Simple,2nd,Singular
512,3KioSGUjcv,,2,κολυμπάω,κολύμπησε,He/She/It swam,Past Simple,3rd,Singular
513,BYfylaEi3h,,3,κολυμπάω,κολυμπήσαμε,We swam,Past Simple,1st,Plural
514,xO4t8KKgr3,,4,κολυμπάω,κολυμπήσατε,You swam,Past Simple,2nd,Plural
515,21n37GpoyP,,5,κολυμπάω,κολύμπησαν,They swam,Past Simple,3rd,Plural
516,DNodAI0Ort,,6,κολυμπάω,κολυμπούσα,I was swimming,Past Continuous,1st,Singular
517,All6oEb5e5,,7,κολυμπάω,κολυμπούσες,You were swimming,Past Continuous,2nd,Singular
518,XXj5t2xlIn,,8,κολυμπάω,κολυμπούσε,He/She/It was swimming,Past Continuous,3rd,Singular
519,bQxYaT0iZu,,9,κολυμπάω,κολυμπούσαμε,We were swimming,Past Continuous,1st,Plural
520,TDNDD4JACC,,10,κολυμπάω,κολυμπούσατε,You were swimming,Past Continuous,2nd,Plural
521,g5KJBTKxzN,,11,κολυμπάω,κολυμπούσαν,They were swimming,Past Continuous,3rd,Plural
522,tlLcrZHPZA,,12,κολυμπάω,κολυμπάω,I swim,Present,1st,Singular
523,9x2ng0Vot4,,13,κολυμπάω,κολυμπάς,You swim,Present,2nd,Singular
524,C6rrd46YKR,,14,κολυμπάω,κολυμπάει,He/She/It swims,Present,3rd,Singular
525,iFskJyLmDV,,15,κολυμπάω,κολυμπάμε,We swim,Present,1st,Plural
526,i2a9SIFTBy,,16,κολυμπάω,κολυμπάτε,You swim,Present,2nd,Plural
527,U0ZCZbXA8W,,17,κολυμπάω,κολυμπούν,They swim,Present,3rd,Plural
528,kIr9bP17rQ,,18,κολυμπάω,θα κολυμπάω,I will be swimming,Future Continuous,1st,Singular
529,g517fD4Weu,,19,κολυμπάω,θα κολυμπάς,You will be swimming,Future Continuous,2nd,Singular
530,9rc0WATFdC,,20,κολυμπάω,θα κολυμπάει,He/She/It will be swimming,Future Continuous,3rd,Singular
531,QBkPq2AqgB,,21,κολυμπάω,θα κολυμπάμε,We will be swimming,Future Continuous,1st,Plural
532,dwNXnaDiEl,,22,κολυμπάω,θα κολυμπάτε,You will be swimming,Future Continuous,2nd,Plural
533,6fKvxeY3mv,,23,κολυμπάω,θα κολυμπούν,They will be swimming,Future Continuous,3rd,Plural
534,D3TlMjK84H,,24,κολυμπάω,θα κολυμπήσω,I will swim,Future Simple,1st,Singular
535,NCRrXyWoiB,,25,κολυμπάω,θα κολυμπήσεις,You will swim,Future Simple,2nd,Singular
536,D0eat3MHk2,,26,κολυμπάω,θα κολυμπήσει,He/She/It will swim,Future Simple,3rd,Singular
537,jvbdi1WBhH,,27,κολυμπάω,θα κολυμπήσουμε,We will swim,Future Simple,1st,Plural
538,0uCd6oSieQ,,28,κολυμπάω,θα κολυμπήσετε,You will swim,Future Simple,2nd,Plural
539,s94KCtknAg,,29,κολυμπάω,θα κολυμπήσουν,They will swim,Future Simple,3rd,Plural
540,4p0Cq4tjyC,,0,μαγειρεύω,μάγειρα,I cooked,Past Simple,1st,Singular
541,vysoKAByUm,,1,μαγειρεύω,μάγειρες,You cooked,Past Simple,2nd,Singular
542,ytBKfxIrOk,,2,μαγειρεύω,μάγειρε,He/She/It cooked,Past Simple,3rd,Singular
543,Ht18Vy6fLe,,3,μαγειρεύω,μαγειρέψαμε,We cooked,Past Simple,1st,Plural
544,gwahSSJeR3,,4,μαγειρεύω,μαγειρέψατε,You cooked,Past Simple,2nd,Plural
545,AUmICsMizY,,5,μαγειρεύω,μάγειραν,They cooked,Past Simple,3rd,Plural
546,T5s91MBok4,,6,μαγειρεύω,μάγειρευα,I was cooking,Past Continuous,1st,Singular
547,Xhy86LEWj1,,7,μαγειρεύω,μάγειρευες,You were cooking,Past Continuous,2nd,Singular
548,o1G4qA0JAi,,8,μαγειρεύω,μάγειρευε,He/She/It was cooking,Past Continuous,3rd,Singular
549,yRvX6onNDY,,9,μαγειρεύω,μαγειρεύαμε,We were cooking,Past Continuous,1st,Plural
550,lI6NdThxzU,,10,μαγειρεύω,μαγειρεύατε,You were cooking,Past Continuous,2nd,Plural
551,wWTHPpivyP,,11,μαγειρεύω,μάγειρευαν,They were cooking,Past Continuous,3rd,Plural
552,BJGgsnkXAX,,12,μαγειρεύω,μαγειρεύω,I cook,Present,1st,Singular
553,NBSbDc2lGb,,13,μαγειρεύω,μαγειρεύεις,You cook,Present,2nd,Singular
554,joSZ76haee,,14,μαγειρεύω,μαγειρεύει,He/She/It cooks,Present,3rd,Singular
555,kiznI7drTM,,15,μαγειρεύω,μαγειρεύουμε,We cook,Present,1st,Plural
556,mFe92o7D6r,,16,μαγειρεύω,μαγειρεύετε,You cook,Present,2nd,Plural
557,oXVblUC7kD,,17,μαγειρεύω,μαγειρεύουν,They cook,Present,3rd,Plural
558,46umDb8EdS,,18,μαγειρεύω,θα μαγειρεύω,I will be cooking,Future Continuous,1st,Singular
559,WDpHEndkNq,,19,μαγειρεύω,θα μαγειρεύεις,You will be cooking,Future Continuous,2nd,Singular
560,f8nQvkRhLB,,20,μαγειρεύω,θα μαγειρεύει,He/She/It will be cooking,Future Continuous,3rd,Singular
561,jqJwd8x14J,,21,μαγειρεύω,θα μαγειρεύουμε,We will be cooking,Future Continuous,1st,Plural
562,GPlEZ3Waq5,,22,μαγειρεύω,θα μαγειρεύετε,You will be cooking,Future Continuous,2nd,Plural
563,r9s6ADNm1c,,23,μαγειρεύω,θα μαγειρεύουν,They will be cooking,Future Continuous,3rd,Plural
564,PSI57GT4Rh,,24,μαγειρεύω,θα μαγειρέψω,I will cook,Future Simple,1st,Singular
565,X687RyMDzE,,25,μαγειρεύω,θα μαγειρέψεις,You will cook,Future Simple,2nd,Singular
566,4ogddabSZ3,,26,μαγειρεύω,θα μαγειρέψει,He/She/It will cook,Future Simple,3rd,Singular
567,2arnIc6GoW,,27,μαγειρεύω,θα μαγειρέψουμε,We will cook,Future Simple,1st,Plural
568,Ju8xm7hr0N,,28,μαγειρεύω,θα μαγειρέψετε,You will cook,Future Simple,2nd,Plural
569,Hb186Ombew,,29,μαγειρεύω,θα μαγειρέψουν,They will cook,Future Simple,3rd,Plural
570,XlWCMP4qpm,,0,μένω,έμεινα,I stayed,Past Simple,1st,Singular
571,RzKpbEW7Fh,,1,μένω,έμεινες,You stayed,Past Simple,2nd,Singular
572,JKqdeVxGZ9,,2,μένω,έμεινε,He/She/It stayed,Past Simple,3rd,Singular
573,Es8xBlrC24,,3,μένω,μείναμε,We stayed,Past Simple,1st,Plural
574,qlL3Mw0iZt,,4,μένω,μείνατε,You stayed,Past Simple,2nd,Plural
575,TEvo6wc88I,,5,μένω,έμειναν,They stayed,Past Simple,3rd,Plural
576,vCUYBlZKkI,,6,μένω,έμενα,I was staying,Past Continuous,1st,Singular
577,PPEWgxeqvc,,7,μένω,έμενες,You were staying,Past Continuous,2nd,Singular
578,KznH8ZPM23,,8,μένω,έμενε,He/She/It was staying,Past Continuous,3rd,Singular
579,mkMpVibm6W,,9,μένω,μένουμε,We were staying,Past Continuous,1st,Plural
580,O587Tfq5Bn,,10,μένω,μένατε,You were staying,Past Continuous,2nd,Plural
581,lykTHTaUCk,,11,μένω,έμεναν,They were staying,Past Continuous,3rd,Plural
582,HICcyqosaL,,12,μένω,μένω,I stay,Present,1st,Singular
583,idEntX60EM,,13,μένω,μένεις,You stay,Present,2nd,Singular
584,9kRq2z0OFR,,14,μένω,μένει,He/She/It stays,Present,3rd,Singular
585,WH0h74R7D3,,15,μένω,μένουμε,We stay,Present,1st,Plural
586,3KkeVHi7Ze,,16,μένω,μένετε,You stay,Present,2nd,Plural
587,FTLRjwODPL,,17,μένω,μένουν,They stay,Present,3rd,Plural
588,I4vj2OQY75,,18,μένω,θα μένω,I will be staying,Future Continuous,1st,Singular
589,L2S5fJmEHV,,19,μένω,θα μένεις,You will be staying,Future Continuous,2nd,Singular
590,apbrF4kvTN,,20,μένω,θα μένει,He/She/It will be staying,Future Continuous,3rd,Singular
591,u59hFe5DyU,,21,μένω,θα μένουμε,We will be staying,Future Continuous,1st,Plural
592,W5sFUkNbuw,,22,μένω,θα μένετε,You will be staying,Future Continuous,2nd,Plural
593,byC9A69Wpk,,23,μένω,θα μένουν,They will be staying,Future Continuous,3rd,Plural
594,YPfRgYh94T,,24,μένω,θα μείνω,I will stay,Future Simple,1st,Singular
595,z7969VUktF,,25,μένω,θα μείνεις,You will stay,Future Simple,2nd,Singular
596,J41oGjQ2My,,26,μένω,θα μείνει,He/She/It will stay,Future Simple,3rd,Singular
597,bzK0cDVKLY,,27,μένω,θα μείνουμε,We will stay,Future Simple,1st,Plural
598,TjwvlXyhua,,28,μένω,θα μείνετε,You will stay,Future Simple,2nd,Plural
599,r1EeOZ3cUL,,29,μένω,θα μείνουν,They will stay,Future Simple,3rd,Plural
600,ew9Vbu3n5W,,0,μιλάω,μύλησα,I spoke,Past Simple,1st,Singular
601,4jKbpNbFBk,,1,μιλάω,μίλησες,You spoke,Past Simple,2nd,Singular
602,ulBJfpAhNy,,2,μιλάω,μίλησε,He/She/It spoke,Past Simple,3rd,Singular
603,csumkaBbo8,,3,μιλάω,μιλήσαμε,We spoke,Past Simple,1st,Plural
604,559sxVXtgC,,4,μιλάω,μιλήσατε,You spoke,Past Simple,2nd,Plural
605,j0ARcQu75G,,5,μιλάω,μίλησαν,They spoke,Past Simple,3rd,Plural
606,bVoXpOuH3y,,6,μιλάω,μίλαγα,I was speaking,Past Continuous,1st,Singular
607,CyUE0A93Tb,,7,μιλάω,μίλαγες,You were speaking,Past Continuous,2nd,Singular
608,3Rpa2ezRRD,,8,μιλάω,μίλαγε,He/She/It was speaking,Past Continuous,3rd,Singular
609,9TssW5qtwe,,9,μιλάω,μιλούσαμε,We were speaking,Past Continuous,1st,Plural
610,lR8LkceiR3,,10,μιλάω,μιλούσατε,You were speaking,Past Continuous,2nd,Plural
611,KRUlcLlGTr,,11,μιλάω,μίλαγαν,They were speaking,Past Continuous,3rd,Plural
612,92jjERj0FI,,12,μιλάω,μιλάω,I speak,Present,1st,Singular
613,lGlt41ekPV,,13,μιλάω,μιλάς,You speak,Present,2nd,Singular
614,ubEYEkAGNM,,14,μιλάω,μιλάει,He/She/It speaks,Present,3rd,Singular
615,lnGYfaALii,,15,μιλάω,μιλάμε,We speak,Present,1st,Plural
616,KCZQsGbbXc,,16,μιλάω,μιλάτε,You speak,Present,2nd,Plural
617,lDS6kMAu4v,,17,μιλάω,μιλούν,They speak,Present,3rd,Plural
618,IIdw8D8GmW,,18,μιλάω,θα μιλάω,I will be speaking,Future Continuous,1st,Singular
619,of6vlAn1dU,,19,μιλάω,θα μιλάς,You will be speaking,Future Continuous,2nd,Singular
620,LKGZEzb5a3,,20,μιλάω,θα μιλάει,He/She/It will be speaking,Future Continuous,3rd,Singular
621,nX8BjvwfbE,,21,μιλάω,θα μιλάμε,We will be speaking,Future Continuous,1st,Plural
622,JJ6chQdyfR,,22,μιλάω,θα μιλάτε,You will be speaking,Future Continuous,2nd,Plural
623,vgsW7Ohlbr,,23,μιλάω,θα μιλούν,They will be speaking,Future Continuous,3rd,Plural
624,SqPc5uwgRD,,24,μιλάω,θα μιλήσω,I will speak,Future Simple,1st,Singular
625,l6SpGJAeUI,,25,μιλάω,θα μιλήσεις,You will speak,Future Simple,2nd,Singular
626,UMnGJdXu4Z,,26,μιλάω,θα μιλήσει,He/She/It will speak,Future Simple,3rd,Singular
627,eSwT3RRgNQ,,27,μιλάω,θα μιλήσουμε,We will speak,Future Simple,1st,Plural
628,GIzbf9cvkR,,28,μιλάω,θα μιλήσετε,You will speak,Future Simple,2nd,Plural
629,0IPOyunOnD,,29,μιλάω,θα μιλήσουν,They will speak,Future Simple,3rd,Plural
630,aLYQOLODDS,,0,ξέρω,ήξερα,I knew,Past Simple,1st,Singular
631,ZWfcQ1qPrx,,1,ξέρω,ήξερες,You knew,Past Simple,2nd,Singular
632,JZ79iNzSZL,,2,ξέρω,ήξερε,He/She/It knew,Past Simple,3rd,Singular
633,OS2q9xUxwL,,3,ξέρω,ξέραμε,We knew,Past Simple,1st,Plural
634,sBk020Q1Ff,,4,ξέρω,ξέρατε,You knew,Past Simple,2nd,Plural
635,dfkT4Fk1hH,,5,ξέρω,ήξεραν,They knew,Past Simple,3rd,Plural
636,wXzP1Bdrjw,,6,ξέρω,γνώριζα,I was knowing,Past Continuous,1st,Singular
637,3w71N6NaIp,,7,ξέρω,γνώριζες,You were knowing,Past Continuous,2nd,Singular
638,tIfO1tJ0zs,,8,ξέρω,γνώριζε,He/She/It was knowing,Past Continuous,3rd,Singular
639,Iw3mSiQB9l,,9,ξέρω,γνωρίζαμε,We were knowing,Past Continuous,1st,Plural
640,l1jcffbqp7,,10,ξέρω,γνωρίζατε,You were knowing,Past Continuous,2nd,Plural
641,7FXDA92vSz,,11,ξέρω,γνώριζαν,They were knowing,Past Continuous,3rd,Plural
642,oNiRuJJgCx,,12,ξέρω,ξέρω,I know,Present,1st,Singular
643,mOFshrQWy6,,13,ξέρω,ξέρεις,You know,Present,2nd,Singular
644,9UpJnBXTHG,,14,ξέρω,ξέρει,He/She/It knows,Present,3rd,Singular
645,xiwL6wBMGw,,15,ξέρω,ξέρουμε,We know,Present,1st,Plural
646,d8VGxCoIVR,,16,ξέρω,ξέρετε,You know,Present,2nd,Plural
647,wZsv7Q1qtv,,17,ξέρω,ξέρουν,They know,Present,3rd,Plural
648,p3D9VQHXMy,,18,ξέρω,θα γνωρίζω,I will be knowing,Future Continuous,1st,Singular
649,XIbZUVvNMn,,19,ξέρω,θα γνωρίζεις,You will be knowing,Future Continuous,2nd,Singular
650,JTb2JBqM3r,,20,ξέρω,θα γνωρίζει,He/She/It will be knowing,Future Continuous,3rd,Singular
651,zrn3okpVKi,,21,ξέρω,θα γνωρίζουμε,We will be knowing,Future Continuous,1st,Plural
652,rf9vJ0lTAR,,22,ξέρω,θα γνωρίζετε,You will be knowing,Future Continuous,2nd,Plural
653,JNsDHNGeY1,,23,ξέρω,θα γνωρίζουν,They will be knowing,Future Continuous,3rd,Plural
654,Pk9LxwRJdc,,24,ξέρω,θα ξέρω,I will know,Future Simple,1st,Singular
655,vgw4BoCPqn,,25,ξέρω,θα ξέρεις,You will know,Future Simple,2nd,Singular
656,TAHhpoYGNV,,26,ξέρω,θα ξέρει,He/She/It will know,Future Simple,3rd,Singular
657,KsgM1s19tE,,27,ξέρω,θα ξέρουμε,We will know,Future Simple,1st,Plural
658,QJKmYDKMBu,,28,ξέρω,θα ξέρετε,You will know,Future Simple,2nd,Plural
659,BEjwZEEAB5,,29,ξέρω,θα ξέρουν,They will know,Future Simple,3rd,Plural
660,54aKLSJWEb,,0,πάω,πήγα,I went,Past Simple,1st,Singular
661,CUpeAmdN5h,,1,πάω,πήγες,You went,Past Simple,2nd,Singular
662,OjccHDPF6y,,2,πάω,πήγε,He/She/It went,Past Simple,3rd,Singular
663,rq1YQR0ZXG,,3,πάω,πήγαμε,We went,Past Simple,1st,Plural
664,5sB42WL06G,,4,πάω,πήγατε,You went,Past Simple,2nd,Plural
665,k17ULyFRSE,,5,πάω,πήγαν,They went,Past Simple,3rd,Plural
666,Wvmq6m2nhl,,6,πάω,πήγαινα,I was going,Past Continuous,1st,Singular
667,90Ercn0rAa,,7,πάω,πήγαινες,You were going,Past Continuous,2nd,Singular
668,GRFzc2BL9y,,8,πάω,πήγαινε,He/She/It was going,Past Continuous,3rd,Singular
669,5yPCXuIiC0,,9,πάω,πήγαιναμε,We were going,Past Continuous,1st,Plural
670,15Ib5yKD3q,,10,πάω,πήγαινατε,You were going,Past Continuous,2nd,Plural
671,BAjPnGjmtp,,11,πάω,πήγαιναν,They were going,Past Continuous,3rd,Plural
672,dUrrAbXv4O,,12,πάω,πάω,I go,Present,1st,Singular
673,BlCnf0U0XV,,13,πάω,πας,You go,Present,2nd,Singular
674,wXYFKifwLo,,14,πάω,πάει,He/She/It goes,Present,3rd,Singular
675,n2qCVT13VW,,15,πάω,πάμε,We go,Present,1st,Plural
676,tf2web31o4,,16,πάω,πάτε,You go,Present,2nd,Plural
677,wd9LdEJWkJ,,17,πάω,πάνε,They go,Present,3rd,Plural
678,zXCw40PhLM,,18,πάω,θα πηγαίνω,I will be going,Future Continuous,1st,Singular
679,W0E6Ak5XLp,,19,πάω,θα πηγαίνεις,You will be going,Future Continuous,2nd,Singular
680,FM9Is0yd2S,,20,πάω,θα πηγαίνει,He/She/It will be going,Future Continuous,3rd,Singular
681,JYQ2aNCcwS,,21,πάω,θα πηγαίνουμε,We will be going,Future Continuous,1st,Plural
682,7QNkPHWC3D,,22,πάω,θα πηγαίνετε,You will be going,Future Continuous,2nd,Plural
683,DxbkbM95gX,,23,πάω,θα πηγαίνουν,They will be going,Future Continuous,3rd,Plural
684,0SVKMXNEjK,,24,πάω,θα πάω,I will go,Future Simple,1st,Singular
685,lbfmsVP1IE,,25,πάω,θα πας,You will go,Future Simple,2nd,Singular
686,b7SSpmhw4V,,26,πάω,θα πάει,He/She/It will go,Future Simple,3rd,Singular
687,WWqx9prMdF,,27,πάω,θα πάμε,We will go,Future Simple,1st,Plural
688,aSB9oyLaXb,,28,πάω,θα πάτε,You will go,Future Simple,2nd,Plural
689,xsgluPbu5Z,,29,πάω,θα πάνε,They will go,Future Simple,3rd,Plural
690,Hs8ypZowDM,,0,περπατάω,περπάτησα,I walked,Past Simple,1st,Singular
691,wQ4woDva5k,,1,περπατάω,περπάτησες,You walked,Past Simple,2nd,Singular
692,EzQnIlyT64,,2,περπατάω,περπάτησε,He/She/It walked,Past Simple,3rd,Singular
693,1YIX8APv1T,,3,περπατάω,περπατήσαμε,We walked,Past Simple,1st,Plural
694,EXqtgm99B8,,4,περπατάω,περπατήσατε,You walked,Past Simple,2nd,Plural
695,c0yXY5n1GT,,5,περπατάω,περπάτησαν,They walked,Past Simple,3rd,Plural
696,4kyZmpis28,,6,περπατάω,περπατούσα,I was walking,Past Continuous,1st,Singular
697,vc0dzuyOYq,,7,περπατάω,περπατούσες,You were walking,Past Continuous,2nd,Singular
698,VFwvkJwZl1,,8,περπατάω,περπατούσε,He/She/It was walking,Past Continuous,3rd,Singular
699,zGGVpYJRGM,,9,περπατάω,περπατούσαμε,We were walking,Past Continuous,1st,Plural
700,4OdW8tQeAZ,,10,περπατάω,περπατούσατε,You were walking,Past Continuous,2nd,Plural
701,C889PYzbwU,,11,περπατάω,περπατούσαν,They were walking,Past Continuous,3rd,Plural
702,ayHGNmQgI9,,12,περπατάω,περπατώ,I walk,Present,1st,Singular
703,Fjao9nSeb5,,13,περπατάω,περπατάς,You walk,Present,2nd,Singular
704,pIwuGTt9eV,,14,περπατάω,περπατάει,He/She/It walks,Present,3rd,Singular
705,bvvnrlAYBO,,15,περπατάω,περπατάμε,We walk,Present,1st,Plural
706,jwXw5oJZUc,,16,περπατάω,περπατάτε,You walk,Present,2nd,Plural
707,wCMRgCo3m9,,17,περπατάω,περπατάνε,They walk,Present,3rd,Plural
708,K5LrCclkdc,,18,περπατάω,θα περπατώ,I will be walking,Future Continuous,1st,Singular
709,Ttfh7U00M4,,19,περπατάω,θα περπατάς,You will be walking,Future Continuous,2nd,Singular
710,65UuS0Kzxm,,20,περπατάω,θα περπατάει,He/She/It will be walking,Future Continuous,3rd,Singular
711,yOZ9dUbzq8,,21,περπατάω,θα περπατάμε,We will be walking,Future Continuous,1st,Plural
712,FlWfWg4Qxx,,22,περπατάω,θα περπατάτε,You will be walking,Future Continuous,2nd,Plural
713,RvVHqIbkYj,,23,περπατάω,θα περπατάνε,They will be walking,Future Continuous,3rd,Plural
714,cIi3rAraSN,,24,περπατάω,θα περπατήσω,I will walk,Future Simple,1st,Singular
715,GuYSzIFM8U,,25,περπατάω,θα περπατήσεις,You will walk,Future Simple,2nd,Singular
716,QnuwRyP78B,,26,περπατάω,θα περπατήσει,He/She/It will walk,Future Simple,3rd,Singular
717,FMG27iiJsc,,27,περπατάω,θα περπατήσουμε,We will walk,Future Simple,1st,Plural
718,v7UPTDtgR3,,28,περπατάω,θα περπατήσετε,You will walk,Future Simple,2nd,Plural
719,95iybsTsoF,,29,περπατάω,θα περπατήσουν,They will walk,Future Simple,3rd,Plural
720,LOVnslNKrM,,0,πίνω,έπινα,I drank,Past Simple,1st,Singular
721,mZ1zh3gv4c,,1,πίνω,έπινες,You drank,Past Simple,2nd,Singular
722,RIe0AKhMU5,,2,πίνω,έπινε,He/She/It drank,Past Simple,3rd,Singular
723,kmuymxXqUr,,3,πίνω,πίναμε,We drank,Past Simple,1st,Plural
724,m2dec1vyUN,,4,πίνω,πίνατε,You drank,Past Simple,2nd,Plural
725,3oxx8tBrFY,,5,πίνω,έπιναν,They drank,Past Simple,3rd,Plural
726,8nBgkj9DN6,,6,πίνω,έπινα,I was drinking,Past Continuous,1st,Singular
727,ItQChDfN8a,,7,πίνω,έπινες,You were drinking,Past Continuous,2nd,Singular
728,IoKn55zoiH,,8,πίνω,έπινε,He/She/It was drinking,Past Continuous,3rd,Singular
729,Xcbsp8dujv,,9,πίνω,πίναμε,We were drinking,Past Continuous,1st,Plural
730,VmJMNkoK1P,,10,πίνω,πίνατε,You were drinking,Past Continuous,2nd,Plural
731,IuQYiE4DQ2,,11,πίνω,έπιναν,They were drinking,Past Continuous,3rd,Plural
732,hR1i2xkuee,,12,πίνω,πίνω,I drink,Present,1st,Singular
733,uWPyCqxYFe,,13,πίνω,πίνεις,You drink,Present,2nd,Singular
734,r6pQYQMaHH,,14,πίνω,πίνει,He/She/It drinks,Present,3rd,Singular
735,udiGkbkKRF,,15,πίνω,πίνουμε,We drink,Present,1st,Plural
736,KcSnzKTY1t,,16,πίνω,πίνετε,You drink,Present,2nd,Plural
737,aF4a1kWZ2e,,17,πίνω,πίνουν,They drink,Present,3rd,Plural
738,KWHnfq1Op9,,18,πίνω,θα πίνω,I will be drinking,Future Continuous,1st,Singular
739,ZHdbDzWR6I,,19,πίνω,θα πίνεις,You will be drinking,Future Continuous,2nd,Singular
740,0pKSQAt3kB,,20,πίνω,θα πίνει,He/She/It will be drinking,Future Continuous,3rd,Singular
741,QOU7n7bdk0,,21,πίνω,θα πίνουμε,We will be drinking,Future Continuous,1st,Plural
742,ilKjvjT3ht,,22,πίνω,θα πίνετε,You will be drinking,Future Continuous,2nd,Plural
743,Fsq89W3hf1,,23,πίνω,θα πίνουν,They will be drinking,Future Continuous,3rd,Plural
744,CSOPMsAbIk,,24,πίνω,θα πιώ,I will drink,Future Simple,1st,Singular
745,pzyPr79ylz,,25,πίνω,θα πιεις,You will drink,Future Simple,2nd,Singular
746,ymQV6326Ta,,26,πίνω,θα πιει,He/She/It will drink,Future Simple,3rd,Singular
747,ramPSHCsrk,,27,πίνω,θα πιουμε,We will drink,Future Simple,1st,Plural
748,NmIv1MZG39,,28,πίνω,θα πιείτε,You will drink,Future Simple,2nd,Plural
749,QWKYDlxbmY,,29,πίνω,θα πιουν,They will drink,Future Simple,3rd,Plural
750,yZfvEvJxGK,,0,σταματάω,σταμάτησα,I stopped,Past Simple,1st,Singular
751,vMpMTCp8Hn,,1,σταματάω,σταμάτησες,You stopped,Past Simple,2nd,Singular
752,5GqYistGps,,2,σταματάω,σταμάτησε,He/She/It stopped,Past Simple,3rd,Singular
753,TFuLLTpZSK,,3,σταματάω,σταματήσαμε,We stopped,Past Simple,1st,Plural
754,gwzE5H0wAH,,4,σταματάω,σταματήσατε,You stopped,Past Simple,2nd,Plural
755,NQygRkd0rx,,5,σταματάω,σταμάτησαν,They stopped,Past Simple,3rd,Plural
756,9dhPhbzjJF,,6,σταματάω,σταματούσα,I was stopping,Past Continuous,1st,Singular
757,icsEDHz3YQ,,7,σταματάω,σταματούσες,You were stopping,Past Continuous,2nd,Singular
758,SPigC6aG32,,8,σταματάω,σταματούσε,He/She/It was stopping,Past Continuous,3rd,Singular
759,dkWJVBJ3cL,,9,σταματάω,σταματούσαμε,We were stopping,Past Continuous,1st,Plural
760,d9HO7l1QaU,,10,σταματάω,σταματούσατε,You were stopping,Past Continuous,2nd,Plural
761,Pk4Bi2UfFg,,11,σταματάω,σταματούσαν,They were stopping,Past Continuous,3rd,Plural
762,eAiQECanM1,,12,σταματάω,σταματάω,I stop,Present,1st,Singular
763,PooVeF66Vh,,13,σταματάω,σταματάς,You stop,Present,2nd,Singular
764,DxCm8z14aY,,14,σταματάω,σταματάει,He/She/It stops,Present,3rd,Singular
765,xt1RFHaCdc,,15,σταματάω,σταματάμε,We stop,Present,1st,Plural
766,PtS7YIEhIB,,16,σταματάω,σταματάτε,You stop,Present,2nd,Plural
767,yF6WttvBIr,,17,σταματάω,σταματάνε,They stop,Present,3rd,Plural
768,In2SVomUuq,,18,σταματάω,θα σταματάω,I will be stopping,Future Continuous,1st,Singular
769,2SpitKdqbU,,19,σταματάω,θα σταματάς,You will be stopping,Future Continuous,2nd,Singular
770,WruM2il1Nl,,20,σταματάω,θα σταματάει,He/She/It will be stopping,Future Continuous,3rd,Singular
771,72E7FB6Pud,,21,σταματάω,θα σταματάμε,We will be stopping,Future Continuous,1st,Plural
772,IYxFzr83Ze,,22,σταματάω,θα σταματάτε,You will be stopping,Future Continuous,2nd,Plural
773,OvoM4VZbNT,,23,σταματάω,θα σταματάνε,They will be stopping,Future Continuous,3rd,Plural
774,EV94TTH4Mj,,24,σταματάω,θα σταματήσω,I will stop,Future Simple,1st,Singular
775,XTnLE5Wr3X,,25,σταματάω,θα σταματήσεις,You will stop,Future Simple,2nd,Singular
776,tPpP9dl3hf,,26,σταματάω,θα σταματήσει,He/She/It will stop,Future Simple,3rd,Singular
777,fSn89bjm9o,,27,σταματάω,θα σταματήσουμε,We will stop,Future Simple,1st,Plural
778,TjL1XSnYQS,,28,σταματάω,θα σταματήσετε,You will stop,Future Simple,2nd,Plural
779,OoLiTq2gqt,,29,σταματάω,θα σταματήσουν,They will stop,Future Simple,3rd,Plural
780,EcYHp5ezkz,,0,τρέχω,έτρεξα,I ran,Past Simple,1st,Singular
781,Xm0KqQ7ijI,,1,τρέχω,έτρεξες,You ran,Past Simple,2nd,Singular
782,TTAi5aqWjI,,2,τρέχω,έτρεξε,He/She/It ran,Past Simple,3rd,Singular
783,ak562J1my3,,3,τρέχω,τρέξαμε,We ran,Past Simple,1st,Plural
784,hKRQmmKScn,,4,τρέχω,τρέξατε,You ran,Past Simple,2nd,Plural
785,XlasPZPEVA,,5,τρέχω,έτρεξαν,They ran,Past Simple,3rd,Plural
786,L27acF8PXN,,6,τρέχω,έτρεχα,I was running,Past Continuous,1st,Singular
787,jb6Z87bvCX,,7,τρέχω,έτρεχες,You were running,Past Continuous,2nd,Singular
788,IYPVCLDQUU,,8,τρέχω,έτρεχε,He/She/It was running,Past Continuous,3rd,Singular
789,EJh024r8QP,,9,τρέχω,τρέχαμε,We were running,Past Continuous,1st,Plural
790,JybepPHcme,,10,τρέχω,τρέχατε,You were running,Past Continuous,2nd,Plural
791,LMbg4oVsKe,,11,τρέχω,έτρεχαν,They were running,Past Continuous,3rd,Plural
792,MFD8CjZ0Px,,12,τρέχω,τρέχω,I run,Present,1st,Singular
793,xRhL8dz6TJ,,13,τρέχω,τρέχεις,You run,Present,2nd,Singular
794,vfmyopZX2L,,14,τρέχω,τρέχει,He/She/It runs,Present,3rd,Singular
795,1aWEiBs0lo,,15,τρέχω,τρέχουμε,We run,Present,1st,Plural
796,gk3BUD9kjg,,16,τρέχω,τρέχετε,You run,Present,2nd,Plural
797,RlTew55EYL,,17,τρέχω,τρέχουν,They run,Present,3rd,Plural
798,TgqpD2DUZd,,18,τρέχω,θα τρέχω,I will be running,Future Continuous,1st,Singular
799,VRXJr7X1xo,,19,τρέχω,θα τρέχεις,You will be running,Future Continuous,2nd,Singular
800,tPrgPdYHZZ,,20,τρέχω,θα τρέχει,He/She/It will be running,Future Continuous,3rd,Singular
801,yKUZeJudK2,,21,τρέχω,θα τρέχουμε,We will be running,Future Continuous,1st,Plural
802,2hg8AgCB0r,,22,τρέχω,θα τρέχετε,You will be running,Future Continuous,2nd,Plural
803,FioXe7udD9,,23,τρέχω,θα τρέχουν,They will be running,Future Continuous,3rd,Plural
804,FJ6LxdpSDe,,24,τρέχω,θα τρέξω,I will run,Future Simple,1st,Singular
805,3wyoHb0oqP,,25,τρέχω,θα τρέξεις,You will run,Future Simple,2nd,Singular
806,eSn7fi4i3K,,26,τρέχω,θα τρέξει,He/She/It will run,Future Simple,3rd,Singular
807,iCARC8Zf4L,,27,τρέχω,θα τρέξουμε,We will run,Future Simple,1st,Plural
808,iTF2T6y2fa,,28,τρέχω,θα τρέξετε,You will run,Future Simple,2nd,Plural
809,vpl6MdX2vj,,29,τρέχω,θα τρέξουν,They will run,Future Simple,3rd,Plural
810,t0GDnzL5JA,,0,τρώω,έφαγα,I ate,Past Simple,1st,Singular
811,69x60PSAyt,,1,τρώω,έφαγες,You ate,Past Simple,2nd,Singular
812,7hpS78aCgQ,,2,τρώω,έφαγε,He/She/It ate,Past Simple,3rd,Singular
813,tHb9TyYntT,,3,τρώω,φάγαμε,We ate,Past Simple,1st,Plural
814,6tGrGwGmMf,,4,τρώω,φάγατε,You ate,Past Simple,2nd,Plural
815,GNeTU0FLZU,,5,τρώω,έφαγαν,They ate,Past Simple,3rd,Plural
816,POljTj3G26,,6,τρώω,έτρωγα,I was eating,Past Continuous,1st,Singular
817,StWGYBss5v,,7,τρώω,έτρωγες,You were eating,Past Continuous,2nd,Singular
818,rql88KFsRC,,8,τρώω,έτρωγε,He/She/It was eating,Past Continuous,3rd,Singular
819,3i03hbedEI,,9,τρώω,τρώγαμε,We were eating,Past Continuous,1st,Plural
820,v2kuVuOrBD,,10,τρώω,τρώγατε,You were eating,Past Continuous,2nd,Plural
821,i28M1jjPKF,,11,τρώω,έτρωγαν,They were eating,Past Continuous,3rd,Plural
822,0my1w5IyOI,,12,τρώω,τρώω,I eat,Present,1st,Singular
823,KhwlPrJoHW,,13,τρώω,τρώς,You eat,Present,2nd,Singular
824,N54fIMZ1QD,,14,τρώω,τρώει,He/She/It eats,Present,3rd,Singular
825,6WsCdV7x3Z,,15,τρώω,τρώμε,We eat,Present,1st,Plural
826,f6m57RIPQ5,,16,τρώω,τρώτε,You eat,Present,2nd,Plural
827,oqnlvpXwUL,,17,τρώω,τρώνε,They eat,Present,3rd,Plural
828,V9shfUB8MP,,18,τρώω,θα τρώω,I will be eating,Future Continuous,1st,Singular
829,67EduvfLMQ,,19,τρώω,θα τρως,You will be eating,Future Continuous,2nd,Singular
830,4dE7B5eISF,,20,τρώω,θα τρώει,He/She/It will be eating,Future Continuous,3rd,Singular
831,KyK6DXcss3,,21,τρώω,θα τρώμε,We will be eating,Future Continuous,1st,Plural
832,Kaq49dkSGO,,22,τρώω,θα τρώτε,You will be eating,Future Continuous,2nd,Plural
833,GDXtjDjAiy,,23,τρώω,θα τρώνε,They will be eating,Future Continuous,3rd,Plural
834,TEnZNPSZdG,,24,τρώω,θα φάω,I will eat,Future Simple,1st,Singular
835,Vcgw7AvJcV,,25,τρώω,θα φας,You will eat,Future Simple,2nd,Singular
836,81U2G0M4qC,,26,τρώω,θα φάει,He/She/It will eat,Future Simple,3rd,Singular
837,wWplwvfiN6,,27,τρώω,θα φάμε,We will eat,Future Simple,1st,Plural
838,EImX8MeEid,,28,τρώω,θα φάτε,You will eat,Future Simple,2nd,Plural
839,sxtAdZ6EfM,,29,τρώω,θα φάνε,They will eat,Future Simple,3rd,Plural
840,n7i8bKmCud,,0,πληρώνω,πλήρωσα,I paid,Past Simple,1st,Singular
841,09p7HxMvfI,,1,πληρώνω,πλήρωσες,You paid,Past Simple,2nd,Singular
842,UeIvQVTiOI,,2,πληρώνω,πλήρωσε,He/She/It paid,Past Simple,3rd,Singular
843,wesrPuN8go,,3,πληρώνω,πληρώσαμε,We paid,Past Simple,1st,Plural
844,MoTm3rz7NZ,,4,πληρώνω,πληρώσατε,You paid,Past Simple,2nd,Plural
845,0c75W86iQJ,,5,πληρώνω,πλήρωσαν,They paid,Past Simple,3rd,Plural
846,KFPGTKtsiQ,,6,πληρώνω,πλήρωνα,I was paying,Past Continuous,1st,Singular
847,L3pCgdDlUA,,7,πληρώνω,πλήρωνες,You were paying,Past Continuous,2nd,Singular
848,oe5H54Nccn,,8,πληρώνω,πλήρωνε,He/She/It was paying,Past Continuous,3rd,Singular
849,w34Pqcwrap,,9,πληρώνω,πληρώναμε,We were paying,Past Continuous,1st,Plural
850,AsyOwJ0xEs,,10,πληρώνω,πληρώνατε,You were paying,Past Continuous,2nd,Plural
851,6OxJzxc6XV,,11,πληρώνω,πλήρωναν,They were paying,Past Continuous,3rd,Plural
852,gIrvsQsy3c,,12,πληρώνω,πληρώνω,I pay,Present,1st,Singular
853,raeSPyZKdo,,13,πληρώνω,πληρώνεις,You pay,Present,2nd,Singular
854,00hQChEydw,,14,πληρώνω,πληρώνει,He/She/It pays,Present,3rd,Singular
855,cjiZrv6BTY,,15,πληρώνω,πληρώνουμε,We pay,Present,1st,Plural
856,iqlb4AMR8j,,16,πληρώνω,πληρώνετε,You pay,Present,2nd,Plural
857,FRYc1UIbrB,,17,πληρώνω,πληρώνουν,They pay,Present,3rd,Plural
858,gQu4rdxWbl,,18,πληρώνω,θα πληρώνω,I will be paying,Future Continuous,1st,Singular
859,D64ntHybGk,,19,πληρώνω,θα πληρώνεις,You will be paying,Future Continuous,2nd,Singular
860,yUdVgMkU3W,,20,πληρώνω,θα πληρώνει,He/She/It will be paying,Future Continuous,3rd,Singular
861,seDPQdJBpD,,21,πληρώνω,θα πληρώνουμε,We will be paying,Future Continuous,1st,Plural
862,C2WOjXYHW2,,22,πληρώνω,θα πληρώνετε,You will be paying,Future Continuous,2nd,Plural
863,X00JLncuur,,23,πληρώνω,θα πληρώνουν,They will be paying,Future Continuous,3rd,Plural
864,pgJ6AHzfwf,,24,πληρώνω,θα πληρώσω,I will pay,Future Simple,1st,Singular
865,6XaN4myNgf,,25,πληρώνω,θα πληρώσεις,You will pay,Future Simple,2nd,Singular
866,65cvpq1LA6,,26,πληρώνω,θα πληρώσει,He/She/It will pay,Future Simple,3rd,Singular
867,xfsZ59HuIh,,27,πληρώνω,θα πληρώσουμε,We will pay,Future Simple,1st,Plural
868,HVDJ82YFbL,,28,πληρώνω,θα πληρώσετε,You will pay,Future Simple,2nd,Plural
869,hwdS9rM10x,,29,πληρώνω,θα πληρώσουν,They will pay,Future Simple,3rd,Plural
870,3U6rxj53tS,,0,παίζω,έπαιξα,I played,Past Simple,1st,Singular
871,Dvo1fJli7M,,1,παίζω,έπαιξες,You played,Past Simple,2nd,Singular
872,qxumiWhxRo,,2,παίζω,έπαιξε,He/She/It played,Past Simple,3rd,Singular
873,jKHNmn6dlo,,3,παίζω,παίξαμε,We played,Past Simple,1st,Plural
874,1zRnDb9uBC,,4,παίζω,παίξατε,You played,Past Simple,2nd,Plural
875,K94barS2Rf,,5,παίζω,έπαιξαν,They played,Past Simple,3rd,Plural
876,qxkRt6yXOz,,6,παίζω,έπαιζα,I was playing,Past Continuous,1st,Singular
877,OhuDaHJvx1,,7,παίζω,έπαιζες,You were playing,Past Continuous,2nd,Singular
878,ONdP9XH1yQ,,8,παίζω,έπαιζε,He/She/It was playing,Past Continuous,3rd,Singular
879,S3haw0H2Yh,,9,παίζω,παίζαμε,We were playing,Past Continuous,1st,Plural
880,9N3ntgbpIv,,10,παίζω,παίζατε,You were playing,Past Continuous,2nd,Plural
881,tp3Ux0dFGX,,11,παίζω,έπαιζαν,They were playing,Past Continuous,3rd,Plural
882,rNR96yX9T2,,12,παίζω,παίζω,I play,Present,1st,Singular
883,gZThP5QXze,,13,παίζω,παίζεις,You play,Present,2nd,Singular
884,SgiA3hg2Uk,,14,παίζω,παίζει,He/She/It plays,Present,3rd,Singular
885,RVO7BUZZql,,15,παίζω,παίζουμε,We play,Present,1st,Plural
886,Ws72iQHszn,,16,παίζω,παίζετε,You play,Present,2nd,Plural
887,vS90YJrbNn,,17,παίζω,παίζουν,They play,Present,3rd,Plural
888,ENf2rm3GPS,,18,παίζω,θα παίζω,I will be playing,Future Continuous,1st,Singular
889,f4SGeS0boe,,19,παίζω,θα παίζεις,You will be playing,Future Continuous,2nd,Singular
890,WOqoqaXAlq,,20,παίζω,θα παίζει,He/She/It will be playing,Future Continuous,3rd,Singular
891,Xf05xWrCX4,,21,παίζω,θα παίζουμε,We will be playing,Future Continuous,1st,Plural
892,BOIwvh0Vru,,22,παίζω,θα παίζετε,You will be playing,Future Continuous,2nd,Plural
893,cNurX0eEL5,,23,παίζω,θα παίζουν,They will be playing,Future Continuous,3rd,Plural
894,IdJgYyiNRX,,24,παίζω,θα παίξω,I will play,Future Simple,1st,Singular
895,gqAhd9ZSza,,25,παίζω,θα παίξεις,You will play,Future Simple,2nd,Singular
896,tIW2tmGTjx,,26,παίζω,θα παίξει,He/She/It will play,Future Simple,3rd,Singular
897,xKXCGLgpw3,,27,παίζω,θα παίξουμε,We will play,Future Simple,1st,Plural
898,jJvsQ2EfUZ,,28,παίζω,θα παίξετε,You will play,Future Simple,2nd,Plural
899,BzFjrXs575,,29,παίζω,θα παίξουν,They will play,Future Simple,3rd,Plural
900,V8LvN1Qgly,,0,χρησιμοποιώ,έχω χρησιμοποιήσει,I used,Past Simple,1st,Singular
901,aSBBsfB3Rq,,1,χρησιμοποιώ,χρησιμοποίησες,You used,Past Simple,2nd,Singular
902,1q2lPMfo4f,,2,χρησιμοποιώ,χρησιμοποίησε,He/She/It used,Past Simple,3rd,Singular
903,YG0BBxhgfO,,3,χρησιμοποιώ,χρησιμοποιήσαμε,We used,Past Simple,1st,Plural
904,MRyVYoCmy7,,4,χρησιμοποιώ,χρησιμοποιήσατε,You used,Past Simple,2nd,Plural
905,n7KDu60qtK,,5,χρησιμοποιώ,χρησιμοποίησαν,They used,Past Simple,3rd,Plural
906,UxbjDPxx3c,,6,χρησιμοποιώ,χρησιμοποιούσα,I was using,Past Continuous,1st,Singular
907,DyQTBtGKL1,,7,χρησιμοποιώ,χρησιμοποιούσες,You were using,Past Continuous,2nd,Singular
908,arMyXnXktn,,8,χρησιμοποιώ,χρησιμοποιούσε,He/She/It was using,Past Continuous,3rd,Singular
909,gEP1rmyej3,,9,χρησιμοποιώ,χρησιμοποιούσαμε,We were using,Past Continuous,1st,Plural
910,EuDvEbI92s,,10,χρησιμοποιώ,χρησιμοποιούσατε,You were using,Past Continuous,2nd,Plural
911,a0MMYZIsrP,,11,χρησιμοποιώ,χρησιμοποιούσαν,They were using,Past Continuous,3rd,Plural
912,fh4lzZw0wI,,12,χρησιμοποιώ,χρησιμοποιώ,I use,Present,1st,Singular
913,jqpw0sLCPg,,13,χρησιμοποιώ,χρησιμοποιείς,You use,Present,2nd,Singular
914,2wT6S8Wyv6,,14,χρησιμοποιώ,χρησιμοποιεί,He/She/It uses,Present,3rd,Singular
915,KEk5fOEB3P,,15,χρησιμοποιώ,χρησιμοποιούμε,We use,Present,1st,Plural
916,2S9YT5Q560,,16,χρησιμοποιώ,χρησιμοποιείτε,You use,Present,2nd,Plural
917,NhW4v7OvBl,,17,χρησιμοποιώ,χρησιμοποιούν,They use,Present,3rd,Plural
918,Dv7vZEIujV,,18,χρησιμοποιώ,θα χρησιμοποιώ,I will be using,Future Continuous,1st,Singular
919,nZ91IHI1VT,,19,χρησιμοποιώ,θα χρησιμοποιείς,You will be using,Future Continuous,2nd,Singular
920,pwndrJbFyZ,,20,χρησιμοποιώ,θα χρησιμοποιεί,He/She/It will be using,Future Continuous,3rd,Singular
921,PcgoFVU6pt,,21,χρησιμοποιώ,θα χρησιμοποιούμε,We will be using,Future Continuous,1st,Plural
922,ZYIcItPkb0,,22,χρησιμοποιώ,θα χρησιμοποιείτε,You will be using,Future Continuous,2nd,Plural
923,su1kaouDNX,,23,χρησιμοποιώ,θα χρησιμοποιούν,They will be using,Future Continuous,3rd,Plural
924,tM9uQqv50L,,24,χρησιμοποιώ,θα χρησιμοποιήσω,I will use,Future Simple,1st,Singular
925,ZDBxXxd1CQ,,25,χρησιμοποιώ,θα χρησιμοποιήσεις,You will use,Future Simple,2nd,Singular
926,h2B6BLg6qR,,26,χρησιμοποιώ,θα χρησιμοποιήσει,He/She/It will use,Future Simple,3rd,Singular
927,RPN01cSHQj,,27,χρησιμοποιώ,θα χρησιμοποιήσουμε,We will use,Future Simple,1st,Plural
928,OxVbqao5Eb,,28,χρησιμοποιώ,θα χρησιμοποιήσετε,You will use,Future Simple,2nd,Plural
929,nkPqj37fOw,,29,χρησιμοποιώ,θα χρησιμοποιήσουν,They will use,Future Simple,3rd,Plural
930,Ou1vWDzVPr,,0,μιλάω,μίλησα,I spoke,Past Simple,1st,Singular
931,5QNYxKtsUN,,1,μιλάω,μίλησες,You spoke,Past Simple,2nd,Singular
932,r8vALdJjPI,,2,μιλάω,μίλησε,He/She/It spoke,Past Simple,3rd,Singular
933,r5miZh2Zup,,3,μιλάω,μιλήσαμε,We spoke,Past Simple,1st,Plural
934,Bnz0ju6iD5,,4,μιλάω,μιλήσατε,You spoke,Past Simple,2nd,Plural
935,o5Ry2apaXG,,5,μιλάω,μίλησαν,They spoke,Past Simple,3rd,Plural
936,R4BZE5DhLy,,6,μιλάω,μίλαγα,I was speaking,Past Continuous,1st,Singular
937,3Jk625P9Fi,,7,μιλάω,μίλαγες,You were speaking,Past Continuous,2nd,Singular
938,jNyG4KZVKB,,8,μιλάω,μίλαγε,He/She/It was speaking,Past Continuous,3rd,Singular
939,GQ5cShEAE2,,9,μιλάω,μιλάγαμε,We were speaking,Past Continuous,1st,Plural
940,3sGNyl9Tn7,,10,μιλάω,μιλάγατε,You were speaking,Past Continuous,2nd,Plural
941,y6glHxxb4F,,11,μιλάω,μίλαγαν,They were speaking,Past Continuous,3rd,Plural
942,Qm37tKjbSj,,12,μιλάω,μιλάω,I speak,Present,1st,Singular
943,OXWmYBKb58,,13,μιλάω,μιλάς,You speak,Present,2nd,Singular
944,QVXTpWgO98,,14,μιλάω,μιλάει,He/She/It speaks,Present,3rd,Singular
945,BAAcEWcBrb,,15,μιλάω,μιλάμε,We speak,Present,1st,Plural
946,qvFxPEKZLe,,16,μιλάω,μιλάτε,You speak,Present,2nd,Plural
947,yGynj1YKwc,,17,μιλάω,μιλούν,They speak,Present,3rd,Plural
948,UkUnQp3xhI,,18,μιλάω,θα μιλάω,I will be speaking,Future Continuous,1st,Singular
949,hWkcVkdsBx,,19,μιλάω,θα μιλάς,You will be speaking,Future Continuous,2nd,Singular
950,n0gUaotA7J,,20,μιλάω,θα μιλάει,He/She/It will be speaking,Future Continuous,3rd,Singular
951,0ZNehnb2Mz,,21,μιλάω,θα μιλάμε,We will be speaking,Future Continuous,1st,Plural
952,j8fp7wHf3i,,22,μιλάω,θα μιλάτε,You will be speaking,Future Continuous,2nd,Plural
953,4KIdjAwA1X,,23,μιλάω,θα μιλούν,They will be speaking,Future Continuous,3rd,Plural
954,kUIsTVoBwM,,24,μιλάω,θα μιλήσω,I will speak,Future Simple,1st,Singular
955,AOAjjSh2pG,,25,μιλάω,θα μιλήσεις,You will speak,Future Simple,2nd,Singular
956,uMyWH62CTy,,26,μιλάω,θα μιλήσει,He/She/It will speak,Future Simple,3rd,Singular
957,SIYXiLRr3x,,27,μιλάω,θα μιλήσουμε,We will speak,Future Simple,1st,Plural
958,rrK63gR5Go,,28,μιλάω,θα μιλήσετε,You will speak,Future Simple,2nd,Plural
959,VCUHyxJ7Ev,,29,μιλάω,θα μιλήσουν,They will speak,Future Simple,3rd,Plural
960,2RkIef4YsE,,0,ρωτάω,ρώτησα,I asked,Past Simple,1st,Singular
961,eOTGDqto8I,,1,ρωτάω,ρώτησες,You asked,Past Simple,2nd,Singular
962,Tw7JgJ6orA,,2,ρωτάω,ρώτησε,He/She/It asked,Past Simple,3rd,Singular
963,2iKM3e38wq,,3,ρωτάω,ρωτήσαμε,We asked,Past Simple,1st,Plural
964,hUjaEA5YGd,,4,ρωτάω,ρωτήσατε,You asked,Past Simple,2nd,Plural
965,xtkjF5yrPU,,5,ρωτάω,ρώτησαν,They asked,Past Simple,3rd,Plural
966,N9xCmkbaNt,,6,ρωτάω,ρώταγα,I was asking,Past Continuous,1st,Singular
967,vmschVDULU,,7,ρωτάω,ρώταγες,You were asking,Past Continuous,2nd,Singular
968,58qzA54M0r,,8,ρωτάω,ρώταγε,He/She/It was asking,Past Continuous,3rd,Singular
969,x5WhpGyeHO,,9,ρωτάω,ρωτάγαμε,We were asking,Past Continuous,1st,Plural
970,uKJTk0dJrB,,10,ρωτάω,ρωτάγατε,You were asking,Past Continuous,2nd,Plural
971,oqX0Nmi6D1,,11,ρωτάω,ρώταγαν,They were asking,Past Continuous,3rd,Plural
972,Pb07eB9WQ8,,12,ρωτάω,ρωτάω,I ask,Present,1st,Singular
973,5G7vgVWAoe,,13,ρωτάω,ρωτάς,You ask,Present,2nd,Singular
974,mmimduPWZW,,14,ρωτάω,ρωτάει,He/She/It asks,Present,3rd,Singular
975,EeZCyyDmEa,,15,ρωτάω,ρωτάμε,We ask,Present,1st,Plural
976,3WRI21vMDR,,16,ρωτάω,ρωτάτε,You ask,Present,2nd,Plural
977,KprakVH3VZ,,17,ρωτάω,ρωτάνε,They ask,Present,3rd,Plural
978,hmhvAkd68V,,18,ρωτάω,θα ρωτάω,I will be asking,Future Continuous,1st,Singular
979,5CXuTKm3S5,,19,ρωτάω,θα ρωτάς,You will be asking,Future Continuous,2nd,Singular
980,Qnb9dx74lk,,20,ρωτάω,θα ρωτάει,He/She/It will be asking,Future Continuous,3rd,Singular
981,mfygICW2Vz,,21,ρωτάω,θα ρωτάμε,We will be asking,Future Continuous,1st,Plural
982,g5UM6J9sU1,,22,ρωτάω,θα ρωτάτε,You will be asking,Future Continuous,2nd,Plural
983,w3f2X1jvFn,,23,ρωτάω,θα ρωτάνε,They will be asking,Future Continuous,3rd,Plural
984,I3nCUUU1S6,,24,ρωτάω,θα ρωτήσω,I will ask,Future Simple,1st,Singular
985,kYJJ5nYGfF,,25,ρωτάω,θα ρωτήσεις,You will ask,Future Simple,2nd,Singular
986,j67efQMh9H,,26,ρωτάω,θα ρωτήσει,He/She/It will ask,Future Simple,3rd,Singular
987,UuqHx4J8YZ,,27,ρωτάω,θα ρωτήσουμε,We will ask,Future Simple,1st,Plural
988,vgrhVM5ERR,,28,ρωτάω,θα ρωτήσετε,You will ask,Future Simple,2nd,Plural
989,teZgbjtDPx,,29,ρωτάω,θα ρωτήσουν,They will ask,Future Simple,3rd,Plural
990,OIoZGX0QxH,,0,ψήνω,ήψα,I baked,Past Simple,1st,Singular
991,oNbQbFArKe,,1,ψήνω,ψήσες,You baked,Past Simple,2nd,Singular
992,6KzqLIjvqO,,2,ψήνω,ψησε,He/She/It baked,Past Simple,3rd,Singular
993,fVc32hJHQz,,3,ψήνω,ψήσαμε,We baked,Past Simple,1st,Plural
994,37lnvEokYW,,4,ψήνω,ψήσατε,You baked,Past Simple,2nd,Plural
995,lHLiFmTsYF,,5,ψήνω,ψήσανε,They baked,Past Simple,3rd,Plural
996,Me6qL1XJnN,,6,ψήνω,έψηνα,I was baking,Past Continuous,1st,Singular
997,ZCwzRN4Zsg,,7,ψήνω,έψηνες,You were baking,Past Continuous,2nd,Singular
998,btMiYRXAKr,,8,ψήνω,έψηνε,He/She/It was baking,Past Continuous,3rd,Singular
999,dmtzGuB3CA,,9,ψήνω,ψήναμε,We were baking,Past Continuous,1st,Plural
1000,dgezFwA3uy,,10,ψήνω,ψήνατε,You were baking,Past Continuous,2nd,Plural
1001,WpafzeuLOD,,11,ψήνω,έψηναν,They were baking,Past Continuous,3rd,Plural
1002,yDBvusb46d,,12,ψήνω,ψήνω,I bake,Present,1st,Singular
1003,jv9K2Wl3pn,,13,ψήνω,ψήνεις,You bake,Present,2nd,Singular
1004,L1ifyJbyZ3,,14,ψήνω,ψήνει,He/She/It bakes,Present,3rd,Singular
1005,yMAZ4604RW,,15,ψήνω,ψήνουμε,We bake,Present,1st,Plural
1006,Bt3UClNZxq,,16,ψήνω,ψήνετε,You bake,Present,2nd,Plural
1007,2txCBsvjpW,,17,ψήνω,ψήνουν,They bake,Present,3rd,Plural
1008,ZvmyegjQKV,,18,ψήνω,θα ψήνω,I will be baking,Future Continuous,1st,Singular
1009,LI6rri1KAf,,19,ψήνω,θα ψήνεις,You will be baking,Future Continuous,2nd,Singular
1010,POM74VDQzM,,20,ψήνω,θα ψήνει,He/She/It will be baking,Future Continuous,3rd,Singular
1011,8XT6KSsd4K,,21,ψήνω,θα ψήνουμε,We will be baking,Future Continuous,1st,Plural
1012,GMecXbUCFQ,,22,ψήνω,θα ψήνετε,You will be baking,Future Continuous,2nd,Plural
1013,yeDhhM2z4O,,23,ψήνω,θα ψήνουν,They will be baking,Future Continuous,3rd,Plural
1014,WZ36w1ViU4,,24,ψήνω,θα ψήσω,I will bake,Future Simple,1st,Singular
1015,0g3VCxTr2V,,25,ψήνω,θα ψήσεις,You will bake,Future Simple,2nd,Singular
1016,KW40BCdYZp,,26,ψήνω,θα ψήσει,He/She/It will bake,Future Simple,3rd,Singular
1017,fG5nPLSTBM,,27,ψήνω,θα ψήσουμε,We will bake,Future Simple,1st,Plural
1018,bEysP3AFBv,,28,ψήνω,θα ψήσετε,You will bake,Future Simple,2nd,Plural
1019,cE2KpDqq2u,,29,ψήνω,θα ψήσουν,They will bake,Future Simple,3rd,Plural
